:::h2o Thu May  7 12:00:19 AM EDT 2026:::
2026-05-07 00:00:20: (server.c.1230) [note] graceful shutdown started
2026-05-07 00:00:20: (server.c.2350) server stopped by UID = 0 PID = 2899938
received HUP, spawning a new worker
starting new worker 2899946
[INFO] raised RLIMIT_NOFILE to 65536
h2o server (pid:2899946) is ready to serve requests
2026-05-07 00:00:20: (server.c.1939) server started (lighttpd/1.4.74)
new worker is now running, sending TERM to old workers:1112
killing old workers
received SIGTERM, gracefully shutting down
old worker 1112 died, status:0
:::Apache2 Thu May  7 12:00:22 AM EDT 2026:::
:::Lighttpd Thu May  7 12:00:26 AM EDT 2026:::
:::h2o Thu May  7 12:00:29 AM EDT 2026:::
:::Apache2 Thu May  7 12:00:32 AM EDT 2026:::
:::Lighttpd Thu May  7 12:00:35 AM EDT 2026:::
:::h2o Thu May  7 12:00:38 AM EDT 2026:::
:::Apache2 Thu May  7 12:00:41 AM EDT 2026:::
:::Lighttpd Thu May  7 12:00:44 AM EDT 2026:::
:::h2o Thu May  7 12:00:47 AM EDT 2026:::
:::Apache2 Thu May  7 12:00:50 AM EDT 2026:::
:::Lighttpd Thu May  7 12:00:53 AM EDT 2026:::
:::h2o Thu May  7 12:00:56 AM EDT 2026:::
:::Apache2 Thu May  7 12:00:59 AM EDT 2026:::
:::Lighttpd Thu May  7 12:01:02 AM EDT 2026:::
:::h2o Thu May  7 12:01:05 AM EDT 2026:::
:::Apache2 Thu May  7 12:01:08 AM EDT 2026:::
:::Lighttpd Thu May  7 12:01:11 AM EDT 2026:::
:::h2o Thu May  7 12:01:14 AM EDT 2026:::
:::Apache2 Thu May  7 12:01:17 AM EDT 2026:::
:::Lighttpd Thu May  7 12:01:20 AM EDT 2026:::
:::h2o Thu May  7 12:01:23 AM EDT 2026:::
:::Apache2 Thu May  7 12:01:26 AM EDT 2026:::
:::Lighttpd Thu May  7 12:01:29 AM EDT 2026:::
:::h2o Thu May  7 12:01:32 AM EDT 2026:::
:::Apache2 Thu May  7 12:01:35 AM EDT 2026:::
:::Lighttpd Thu May  7 12:01:39 AM EDT 2026:::
:::h2o Thu May  7 12:01:42 AM EDT 2026:::
:::Apache2 Thu May  7 12:01:45 AM EDT 2026:::
:::Lighttpd Thu May  7 12:01:48 AM EDT 2026:::
:::h2o Thu May  7 12:01:51 AM EDT 2026:::
:::Apache2 Thu May  7 12:01:54 AM EDT 2026:::
:::Lighttpd Thu May  7 12:01:57 AM EDT 2026:::
:::h2o Thu May  7 12:02:00 AM EDT 2026:::
:::Apache2 Thu May  7 12:02:03 AM EDT 2026:::
:::Lighttpd Thu May  7 12:02:06 AM EDT 2026:::
:::h2o Thu May  7 12:02:09 AM EDT 2026:::
:::Apache2 Thu May  7 12:02:12 AM EDT 2026:::
:::Lighttpd Thu May  7 12:02:15 AM EDT 2026:::
:::h2o Thu May  7 12:02:18 AM EDT 2026:::
:::Apache2 Thu May  7 12:02:21 AM EDT 2026:::
:::Lighttpd Thu May  7 12:02:24 AM EDT 2026:::
:::h2o Thu May  7 12:02:27 AM EDT 2026:::
:::Apache2 Thu May  7 12:02:30 AM EDT 2026:::
:::Lighttpd Thu May  7 12:02:33 AM EDT 2026:::
:::h2o Thu May  7 12:02:36 AM EDT 2026:::
:::Apache2 Thu May  7 12:02:39 AM EDT 2026:::
:::Lighttpd Thu May  7 12:02:42 AM EDT 2026:::
:::h2o Thu May  7 12:02:45 AM EDT 2026:::
:::Apache2 Thu May  7 12:02:48 AM EDT 2026:::
:::Lighttpd Thu May  7 12:02:52 AM EDT 2026:::
:::h2o Thu May  7 12:02:55 AM EDT 2026:::
:::Apache2 Thu May  7 12:02:58 AM EDT 2026:::
:::Lighttpd Thu May  7 12:03:01 AM EDT 2026:::
:::h2o Thu May  7 12:03:04 AM EDT 2026:::
:::Apache2 Thu May  7 12:03:07 AM EDT 2026:::
:::Lighttpd Thu May  7 12:03:10 AM EDT 2026:::
:::h2o Thu May  7 12:03:13 AM EDT 2026:::
:::Apache2 Thu May  7 12:03:16 AM EDT 2026:::
:::Lighttpd Thu May  7 12:03:19 AM EDT 2026:::
:::h2o Thu May  7 12:03:22 AM EDT 2026:::
:::Apache2 Thu May  7 12:03:25 AM EDT 2026:::
:::Lighttpd Thu May  7 12:03:28 AM EDT 2026:::
:::h2o Thu May  7 12:03:31 AM EDT 2026:::
:::Apache2 Thu May  7 12:03:34 AM EDT 2026:::
:::Lighttpd Thu May  7 12:03:37 AM EDT 2026:::
:::h2o Thu May  7 12:03:40 AM EDT 2026:::
:::Apache2 Thu May  7 12:03:43 AM EDT 2026:::
:::Lighttpd Thu May  7 12:03:46 AM EDT 2026:::
:::h2o Thu May  7 12:03:49 AM EDT 2026:::
:::Apache2 Thu May  7 12:03:52 AM EDT 2026:::
:::Lighttpd Thu May  7 12:03:55 AM EDT 2026:::
:::h2o Thu May  7 12:03:58 AM EDT 2026:::
:::Apache2 Thu May  7 12:04:02 AM EDT 2026:::
:::Lighttpd Thu May  7 12:04:05 AM EDT 2026:::
:::h2o Thu May  7 12:04:08 AM EDT 2026:::
:::Apache2 Thu May  7 12:04:11 AM EDT 2026:::
:::Lighttpd Thu May  7 12:04:14 AM EDT 2026:::
:::h2o Thu May  7 12:04:17 AM EDT 2026:::
:::Apache2 Thu May  7 12:04:20 AM EDT 2026:::
:::Lighttpd Thu May  7 12:04:23 AM EDT 2026:::
:::h2o Thu May  7 12:04:26 AM EDT 2026:::
:::Apache2 Thu May  7 12:04:29 AM EDT 2026:::
:::Lighttpd Thu May  7 12:04:32 AM EDT 2026:::
:::h2o Thu May  7 12:04:35 AM EDT 2026:::
:::Apache2 Thu May  7 12:04:38 AM EDT 2026:::
:::Lighttpd Thu May  7 12:04:41 AM EDT 2026:::
:::h2o Thu May  7 12:04:44 AM EDT 2026:::
:::Apache2 Thu May  7 12:04:47 AM EDT 2026:::
:::Lighttpd Thu May  7 12:04:50 AM EDT 2026:::
:::h2o Thu May  7 12:04:53 AM EDT 2026:::
:::Apache2 Thu May  7 12:04:56 AM EDT 2026:::
:::Lighttpd Thu May  7 12:04:59 AM EDT 2026:::
:::h2o Thu May  7 12:05:02 AM EDT 2026:::
:::Apache2 Thu May  7 12:05:05 AM EDT 2026:::
:::Lighttpd Thu May  7 12:05:08 AM EDT 2026:::
:::h2o Thu May  7 12:05:12 AM EDT 2026:::
:::Apache2 Thu May  7 12:05:15 AM EDT 2026:::
:::Lighttpd Thu May  7 12:05:18 AM EDT 2026:::
:::h2o Thu May  7 12:05:21 AM EDT 2026:::
:::Apache2 Thu May  7 12:05:24 AM EDT 2026:::
:::Lighttpd Thu May  7 12:05:27 AM EDT 2026:::
:::h2o Thu May  7 12:05:30 AM EDT 2026:::
:::Apache2 Thu May  7 12:05:33 AM EDT 2026:::
:::Lighttpd Thu May  7 12:05:36 AM EDT 2026:::
:::h2o Thu May  7 12:05:39 AM EDT 2026:::
:::Apache2 Thu May  7 12:05:42 AM EDT 2026:::
:::Lighttpd Thu May  7 12:05:45 AM EDT 2026:::
:::h2o Thu May  7 12:05:48 AM EDT 2026:::
:::Apache2 Thu May  7 12:05:51 AM EDT 2026:::
:::Lighttpd Thu May  7 12:05:54 AM EDT 2026:::
:::h2o Thu May  7 12:05:57 AM EDT 2026:::
:::Apache2 Thu May  7 12:06:00 AM EDT 2026:::
:::Lighttpd Thu May  7 12:06:03 AM EDT 2026:::
:::h2o Thu May  7 12:06:06 AM EDT 2026:::
:::Apache2 Thu May  7 12:06:09 AM EDT 2026:::
:::Lighttpd Thu May  7 12:06:12 AM EDT 2026:::
:::h2o Thu May  7 12:06:15 AM EDT 2026:::
:::Apache2 Thu May  7 12:06:18 AM EDT 2026:::
:::Lighttpd Thu May  7 12:06:22 AM EDT 2026:::
:::h2o Thu May  7 12:06:25 AM EDT 2026:::
:::Apache2 Thu May  7 12:06:28 AM EDT 2026:::
:::Lighttpd Thu May  7 12:06:31 AM EDT 2026:::
:::h2o Thu May  7 12:06:34 AM EDT 2026:::
:::Apache2 Thu May  7 12:06:37 AM EDT 2026:::
:::Lighttpd Thu May  7 12:06:40 AM EDT 2026:::
:::h2o Thu May  7 12:06:43 AM EDT 2026:::
:::Apache2 Thu May  7 12:06:46 AM EDT 2026:::
:::Lighttpd Thu May  7 12:06:49 AM EDT 2026:::
:::h2o Thu May  7 12:06:52 AM EDT 2026:::
:::Apache2 Thu May  7 12:06:55 AM EDT 2026:::
:::Lighttpd Thu May  7 12:06:58 AM EDT 2026:::
:::h2o Thu May  7 12:07:01 AM EDT 2026:::
:::Apache2 Thu May  7 12:07:04 AM EDT 2026:::
:::Lighttpd Thu May  7 12:07:07 AM EDT 2026:::
:::h2o Thu May  7 12:07:10 AM EDT 2026:::
:::Apache2 Thu May  7 12:07:13 AM EDT 2026:::
:::Lighttpd Thu May  7 12:07:16 AM EDT 2026:::
:::h2o Thu May  7 12:07:19 AM EDT 2026:::
:::Apache2 Thu May  7 12:07:22 AM EDT 2026:::
:::Lighttpd Thu May  7 12:07:25 AM EDT 2026:::
:::h2o Thu May  7 12:07:28 AM EDT 2026:::
:::Apache2 Thu May  7 12:07:31 AM EDT 2026:::
:::Lighttpd Thu May  7 12:07:35 AM EDT 2026:::
:::h2o Thu May  7 12:07:38 AM EDT 2026:::
:::Apache2 Thu May  7 12:07:41 AM EDT 2026:::
:::Lighttpd Thu May  7 12:07:44 AM EDT 2026:::
:::h2o Thu May  7 12:07:47 AM EDT 2026:::
:::Apache2 Thu May  7 12:07:50 AM EDT 2026:::
:::Lighttpd Thu May  7 12:07:53 AM EDT 2026:::
:::h2o Thu May  7 12:07:56 AM EDT 2026:::
:::Apache2 Thu May  7 12:07:59 AM EDT 2026:::
:::Lighttpd Thu May  7 12:08:02 AM EDT 2026:::
:::h2o Thu May  7 12:08:05 AM EDT 2026:::
:::Apache2 Thu May  7 12:08:08 AM EDT 2026:::
:::Lighttpd Thu May  7 12:08:11 AM EDT 2026:::
:::h2o Thu May  7 12:08:14 AM EDT 2026:::
:::Apache2 Thu May  7 12:08:17 AM EDT 2026:::
:::Lighttpd Thu May  7 12:08:20 AM EDT 2026:::
:::h2o Thu May  7 12:08:23 AM EDT 2026:::
:::Apache2 Thu May  7 12:08:26 AM EDT 2026:::
:::Lighttpd Thu May  7 12:08:29 AM EDT 2026:::
:::h2o Thu May  7 12:08:32 AM EDT 2026:::
:::Apache2 Thu May  7 12:08:35 AM EDT 2026:::
:::Lighttpd Thu May  7 12:08:38 AM EDT 2026:::
:::h2o Thu May  7 12:08:41 AM EDT 2026:::
:::Apache2 Thu May  7 12:08:44 AM EDT 2026:::
:::Lighttpd Thu May  7 12:08:48 AM EDT 2026:::
:::h2o Thu May  7 12:08:51 AM EDT 2026:::
:::Apache2 Thu May  7 12:08:54 AM EDT 2026:::
:::Lighttpd Thu May  7 12:08:57 AM EDT 2026:::
:::h2o Thu May  7 12:09:00 AM EDT 2026:::
:::Apache2 Thu May  7 12:09:03 AM EDT 2026:::
:::Lighttpd Thu May  7 12:09:06 AM EDT 2026:::
:::h2o Thu May  7 12:09:09 AM EDT 2026:::
:::Apache2 Thu May  7 12:09:12 AM EDT 2026:::
:::Lighttpd Thu May  7 12:09:15 AM EDT 2026:::
:::h2o Thu May  7 12:09:18 AM EDT 2026:::
:::Apache2 Thu May  7 12:09:21 AM EDT 2026:::
:::Lighttpd Thu May  7 12:09:24 AM EDT 2026:::
:::h2o Thu May  7 12:09:27 AM EDT 2026:::
:::Apache2 Thu May  7 12:09:30 AM EDT 2026:::
:::Lighttpd Thu May  7 12:09:33 AM EDT 2026:::
:::h2o Thu May  7 12:09:36 AM EDT 2026:::
:::Apache2 Thu May  7 12:09:39 AM EDT 2026:::
:::Lighttpd Thu May  7 12:09:42 AM EDT 2026:::
:::h2o Thu May  7 12:09:45 AM EDT 2026:::
:::Apache2 Thu May  7 12:09:48 AM EDT 2026:::
:::Lighttpd Thu May  7 12:09:51 AM EDT 2026:::
:::h2o Thu May  7 12:09:54 AM EDT 2026:::
:::Apache2 Thu May  7 12:09:57 AM EDT 2026:::
:::Lighttpd Thu May  7 12:10:01 AM EDT 2026:::
:::h2o Thu May  7 12:10:04 AM EDT 2026:::
:::Apache2 Thu May  7 12:10:07 AM EDT 2026:::
:::Lighttpd Thu May  7 12:10:10 AM EDT 2026:::
:::h2o Thu May  7 12:10:13 AM EDT 2026:::
:::Apache2 Thu May  7 12:10:16 AM EDT 2026:::
:::Lighttpd Thu May  7 12:10:19 AM EDT 2026:::
:::h2o Thu May  7 12:10:22 AM EDT 2026:::
:::Apache2 Thu May  7 12:10:25 AM EDT 2026:::
:::Lighttpd Thu May  7 12:10:28 AM EDT 2026:::
:::h2o Thu May  7 12:10:31 AM EDT 2026:::
:::Apache2 Thu May  7 12:10:34 AM EDT 2026:::
:::Lighttpd Thu May  7 12:10:37 AM EDT 2026:::
:::h2o Thu May  7 12:10:40 AM EDT 2026:::
:::Apache2 Thu May  7 12:10:43 AM EDT 2026:::
:::Lighttpd Thu May  7 12:10:46 AM EDT 2026:::
:::h2o Thu May  7 12:10:49 AM EDT 2026:::
:::Apache2 Thu May  7 12:10:52 AM EDT 2026:::
:::Lighttpd Thu May  7 12:10:55 AM EDT 2026:::
:::h2o Thu May  7 12:10:58 AM EDT 2026:::
:::Apache2 Thu May  7 12:11:01 AM EDT 2026:::
:::Lighttpd Thu May  7 12:11:04 AM EDT 2026:::
:::h2o Thu May  7 12:11:07 AM EDT 2026:::
:::Apache2 Thu May  7 12:11:10 AM EDT 2026:::
:::Lighttpd Thu May  7 12:11:14 AM EDT 2026:::
:::h2o Thu May  7 12:11:17 AM EDT 2026:::
:::Apache2 Thu May  7 12:11:20 AM EDT 2026:::
:::Lighttpd Thu May  7 12:11:23 AM EDT 2026:::
:::h2o Thu May  7 12:11:26 AM EDT 2026:::
:::Apache2 Thu May  7 12:11:29 AM EDT 2026:::
:::Lighttpd Thu May  7 12:11:32 AM EDT 2026:::
:::h2o Thu May  7 12:11:35 AM EDT 2026:::
:::Apache2 Thu May  7 12:11:38 AM EDT 2026:::
:::Lighttpd Thu May  7 12:11:41 AM EDT 2026:::
:::h2o Thu May  7 12:11:44 AM EDT 2026:::
:::Apache2 Thu May  7 12:11:47 AM EDT 2026:::
:::Lighttpd Thu May  7 12:11:50 AM EDT 2026:::
:::h2o Thu May  7 12:11:53 AM EDT 2026:::
:::Apache2 Thu May  7 12:11:56 AM EDT 2026:::
:::Lighttpd Thu May  7 12:11:59 AM EDT 2026:::
:::h2o Thu May  7 12:12:02 AM EDT 2026:::
:::Apache2 Thu May  7 12:12:05 AM EDT 2026:::
:::Lighttpd Thu May  7 12:12:08 AM EDT 2026:::
:::h2o Thu May  7 12:12:11 AM EDT 2026:::
:::Apache2 Thu May  7 12:12:14 AM EDT 2026:::
:::Lighttpd Thu May  7 12:12:17 AM EDT 2026:::
:::h2o Thu May  7 12:12:20 AM EDT 2026:::
:::Apache2 Thu May  7 12:12:24 AM EDT 2026:::
:::Lighttpd Thu May  7 12:12:27 AM EDT 2026:::
:::h2o Thu May  7 12:12:30 AM EDT 2026:::
:::Apache2 Thu May  7 12:12:33 AM EDT 2026:::
:::Lighttpd Thu May  7 12:12:36 AM EDT 2026:::
:::h2o Thu May  7 12:12:39 AM EDT 2026:::
:::Apache2 Thu May  7 12:12:42 AM EDT 2026:::
:::Lighttpd Thu May  7 12:12:45 AM EDT 2026:::
:::h2o Thu May  7 12:12:48 AM EDT 2026:::
:::Apache2 Thu May  7 12:12:51 AM EDT 2026:::
:::Lighttpd Thu May  7 12:12:54 AM EDT 2026:::
:::h2o Thu May  7 12:12:57 AM EDT 2026:::
:::Apache2 Thu May  7 12:13:00 AM EDT 2026:::
:::Lighttpd Thu May  7 12:13:03 AM EDT 2026:::
:::h2o Thu May  7 12:13:06 AM EDT 2026:::
:::Apache2 Thu May  7 12:13:09 AM EDT 2026:::
:::Lighttpd Thu May  7 12:13:12 AM EDT 2026:::
:::h2o Thu May  7 12:13:15 AM EDT 2026:::
:::Apache2 Thu May  7 12:13:18 AM EDT 2026:::
:::Lighttpd Thu May  7 12:13:21 AM EDT 2026:::
:::h2o Thu May  7 12:13:24 AM EDT 2026:::
:::Apache2 Thu May  7 12:13:27 AM EDT 2026:::
:::Lighttpd Thu May  7 12:13:30 AM EDT 2026:::
:::h2o Thu May  7 12:13:33 AM EDT 2026:::
:::Apache2 Thu May  7 12:13:37 AM EDT 2026:::
:::Lighttpd Thu May  7 12:13:40 AM EDT 2026:::
:::h2o Thu May  7 12:13:43 AM EDT 2026:::
:::Apache2 Thu May  7 12:13:46 AM EDT 2026:::
:::Lighttpd Thu May  7 12:13:49 AM EDT 2026:::
:::h2o Thu May  7 12:13:52 AM EDT 2026:::
:::Apache2 Thu May  7 12:13:55 AM EDT 2026:::
:::Lighttpd Thu May  7 12:13:58 AM EDT 2026:::
:::h2o Thu May  7 12:14:01 AM EDT 2026:::
:::Apache2 Thu May  7 12:14:04 AM EDT 2026:::
:::Lighttpd Thu May  7 12:14:07 AM EDT 2026:::
:::h2o Thu May  7 12:14:10 AM EDT 2026:::
:::Apache2 Thu May  7 12:14:13 AM EDT 2026:::
:::Lighttpd Thu May  7 12:14:16 AM EDT 2026:::
:::h2o Thu May  7 12:14:19 AM EDT 2026:::
:::Apache2 Thu May  7 12:14:22 AM EDT 2026:::
:::Lighttpd Thu May  7 12:14:25 AM EDT 2026:::
:::h2o Thu May  7 12:14:28 AM EDT 2026:::
:::Apache2 Thu May  7 12:14:31 AM EDT 2026:::
:::Lighttpd Thu May  7 12:14:34 AM EDT 2026:::
:::h2o Thu May  7 12:14:37 AM EDT 2026:::
:::Apache2 Thu May  7 12:14:40 AM EDT 2026:::
:::Lighttpd Thu May  7 12:14:43 AM EDT 2026:::
:::h2o Thu May  7 12:14:46 AM EDT 2026:::
:::Apache2 Thu May  7 12:14:50 AM EDT 2026:::
:::Lighttpd Thu May  7 12:14:53 AM EDT 2026:::
:::h2o Thu May  7 12:14:56 AM EDT 2026:::
:::Apache2 Thu May  7 12:14:59 AM EDT 2026:::
:::Lighttpd Thu May  7 12:15:02 AM EDT 2026:::
:::h2o Thu May  7 12:15:05 AM EDT 2026:::
:::Apache2 Thu May  7 12:15:08 AM EDT 2026:::
:::Lighttpd Thu May  7 12:15:11 AM EDT 2026:::
:::h2o Thu May  7 12:15:14 AM EDT 2026:::
:::Apache2 Thu May  7 12:15:17 AM EDT 2026:::
:::Lighttpd Thu May  7 12:15:20 AM EDT 2026:::
:::h2o Thu May  7 12:15:23 AM EDT 2026:::
:::Apache2 Thu May  7 12:15:26 AM EDT 2026:::
:::Lighttpd Thu May  7 12:15:29 AM EDT 2026:::
:::h2o Thu May  7 12:15:32 AM EDT 2026:::
:::Apache2 Thu May  7 12:15:35 AM EDT 2026:::
:::Lighttpd Thu May  7 12:15:38 AM EDT 2026:::
:::h2o Thu May  7 12:15:41 AM EDT 2026:::
:::Apache2 Thu May  7 12:15:44 AM EDT 2026:::
:::Lighttpd Thu May  7 12:15:47 AM EDT 2026:::
:::h2o Thu May  7 12:15:50 AM EDT 2026:::
:::Apache2 Thu May  7 12:15:53 AM EDT 2026:::
:::Lighttpd Thu May  7 12:15:56 AM EDT 2026:::
:::h2o Thu May  7 12:16:00 AM EDT 2026:::
:::Apache2 Thu May  7 12:16:03 AM EDT 2026:::
:::Lighttpd Thu May  7 12:16:06 AM EDT 2026:::
:::h2o Thu May  7 12:16:09 AM EDT 2026:::
:::Apache2 Thu May  7 12:16:12 AM EDT 2026:::
:::Lighttpd Thu May  7 12:16:15 AM EDT 2026:::
:::h2o Thu May  7 12:16:18 AM EDT 2026:::
:::Apache2 Thu May  7 12:16:21 AM EDT 2026:::
:::Lighttpd Thu May  7 12:16:24 AM EDT 2026:::
:::h2o Thu May  7 12:16:27 AM EDT 2026:::
:::Apache2 Thu May  7 12:16:30 AM EDT 2026:::
:::Lighttpd Thu May  7 12:16:33 AM EDT 2026:::
:::h2o Thu May  7 12:16:36 AM EDT 2026:::
:::Apache2 Thu May  7 12:16:39 AM EDT 2026:::
:::Lighttpd Thu May  7 12:16:42 AM EDT 2026:::
:::h2o Thu May  7 12:16:45 AM EDT 2026:::
:::Apache2 Thu May  7 12:16:48 AM EDT 2026:::
:::Lighttpd Thu May  7 12:16:51 AM EDT 2026:::
:::h2o Thu May  7 12:16:54 AM EDT 2026:::
:::Apache2 Thu May  7 12:16:57 AM EDT 2026:::
:::Lighttpd Thu May  7 12:17:00 AM EDT 2026:::
:::h2o Thu May  7 12:17:03 AM EDT 2026:::
:::Apache2 Thu May  7 12:17:06 AM EDT 2026:::
:::Lighttpd Thu May  7 12:17:09 AM EDT 2026:::
:::h2o Thu May  7 12:17:13 AM EDT 2026:::
:::Apache2 Thu May  7 12:17:16 AM EDT 2026:::
:::Lighttpd Thu May  7 12:17:19 AM EDT 2026:::
:::h2o Thu May  7 12:17:22 AM EDT 2026:::
:::Apache2 Thu May  7 12:17:25 AM EDT 2026:::
:::Lighttpd Thu May  7 12:17:28 AM EDT 2026:::
:::h2o Thu May  7 12:17:31 AM EDT 2026:::
:::Apache2 Thu May  7 12:17:34 AM EDT 2026:::
:::Lighttpd Thu May  7 12:17:37 AM EDT 2026:::
:::h2o Thu May  7 12:17:40 AM EDT 2026:::
:::Apache2 Thu May  7 12:17:43 AM EDT 2026:::
:::Lighttpd Thu May  7 12:17:46 AM EDT 2026:::
:::h2o Thu May  7 12:17:49 AM EDT 2026:::
:::Apache2 Thu May  7 12:17:52 AM EDT 2026:::
:::Lighttpd Thu May  7 12:17:55 AM EDT 2026:::
:::h2o Thu May  7 12:17:58 AM EDT 2026:::
:::Apache2 Thu May  7 12:18:01 AM EDT 2026:::
:::Lighttpd Thu May  7 12:18:04 AM EDT 2026:::
:::h2o Thu May  7 12:18:07 AM EDT 2026:::
:::Apache2 Thu May  7 12:18:10 AM EDT 2026:::
:::Lighttpd Thu May  7 12:18:13 AM EDT 2026:::
:::h2o Thu May  7 12:18:16 AM EDT 2026:::
:::Apache2 Thu May  7 12:18:19 AM EDT 2026:::
:::Lighttpd Thu May  7 12:18:22 AM EDT 2026:::
:::h2o Thu May  7 12:18:26 AM EDT 2026:::
:::Apache2 Thu May  7 12:18:29 AM EDT 2026:::
:::Lighttpd Thu May  7 12:18:32 AM EDT 2026:::
:::h2o Thu May  7 12:18:35 AM EDT 2026:::
:::Apache2 Thu May  7 12:18:38 AM EDT 2026:::
:::Lighttpd Thu May  7 12:18:41 AM EDT 2026:::
:::h2o Thu May  7 12:18:44 AM EDT 2026:::
:::Apache2 Thu May  7 12:18:47 AM EDT 2026:::
:::Lighttpd Thu May  7 12:18:50 AM EDT 2026:::
:::h2o Thu May  7 12:18:53 AM EDT 2026:::
:::Apache2 Thu May  7 12:18:56 AM EDT 2026:::
:::Lighttpd Thu May  7 12:18:59 AM EDT 2026:::
:::h2o Thu May  7 12:19:02 AM EDT 2026:::
:::Apache2 Thu May  7 12:19:05 AM EDT 2026:::
:::Lighttpd Thu May  7 12:19:08 AM EDT 2026:::
:::h2o Thu May  7 12:19:11 AM EDT 2026:::
:::Apache2 Thu May  7 12:19:14 AM EDT 2026:::
:::Lighttpd Thu May  7 12:19:17 AM EDT 2026:::
:::h2o Thu May  7 12:19:20 AM EDT 2026:::
:::Apache2 Thu May  7 12:19:23 AM EDT 2026:::
:::Lighttpd Thu May  7 12:19:26 AM EDT 2026:::
:::h2o Thu May  7 12:19:29 AM EDT 2026:::
:::Apache2 Thu May  7 12:19:32 AM EDT 2026:::
:::Lighttpd Thu May  7 12:19:36 AM EDT 2026:::
:::h2o Thu May  7 12:19:39 AM EDT 2026:::
:::Apache2 Thu May  7 12:19:42 AM EDT 2026:::
:::Lighttpd Thu May  7 12:19:45 AM EDT 2026:::
:::h2o Thu May  7 12:19:48 AM EDT 2026:::
:::Apache2 Thu May  7 12:19:51 AM EDT 2026:::
:::Lighttpd Thu May  7 12:19:54 AM EDT 2026:::
:::h2o Thu May  7 12:19:57 AM EDT 2026:::
:::Apache2 Thu May  7 12:20:00 AM EDT 2026:::
:::Lighttpd Thu May  7 12:20:03 AM EDT 2026:::
:::h2o Thu May  7 12:20:06 AM EDT 2026:::
:::Apache2 Thu May  7 12:20:09 AM EDT 2026:::
:::Lighttpd Thu May  7 12:20:12 AM EDT 2026:::
:::h2o Thu May  7 12:20:15 AM EDT 2026:::
:::Apache2 Thu May  7 12:20:18 AM EDT 2026:::
:::Lighttpd Thu May  7 12:20:21 AM EDT 2026:::
:::h2o Thu May  7 12:20:24 AM EDT 2026:::
:::Apache2 Thu May  7 12:20:27 AM EDT 2026:::
:::Lighttpd Thu May  7 12:20:30 AM EDT 2026:::
:::h2o Thu May  7 12:20:33 AM EDT 2026:::
:::Apache2 Thu May  7 12:20:36 AM EDT 2026:::
:::Lighttpd Thu May  7 12:20:39 AM EDT 2026:::
:::h2o Thu May  7 12:20:42 AM EDT 2026:::
:::Apache2 Thu May  7 12:20:46 AM EDT 2026:::
:::Lighttpd Thu May  7 12:20:49 AM EDT 2026:::
:::h2o Thu May  7 12:20:52 AM EDT 2026:::
:::Apache2 Thu May  7 12:20:55 AM EDT 2026:::
:::Lighttpd Thu May  7 12:20:58 AM EDT 2026:::
:::h2o Thu May  7 12:21:01 AM EDT 2026:::
:::Apache2 Thu May  7 12:21:04 AM EDT 2026:::
:::Lighttpd Thu May  7 12:21:07 AM EDT 2026:::
:::h2o Thu May  7 12:21:10 AM EDT 2026:::
:::Apache2 Thu May  7 12:21:13 AM EDT 2026:::
:::Lighttpd Thu May  7 12:21:16 AM EDT 2026:::
:::h2o Thu May  7 12:21:19 AM EDT 2026:::
:::Apache2 Thu May  7 12:21:22 AM EDT 2026:::
:::Lighttpd Thu May  7 12:21:25 AM EDT 2026:::
:::h2o Thu May  7 12:21:28 AM EDT 2026:::
:::Apache2 Thu May  7 12:21:31 AM EDT 2026:::
:::Lighttpd Thu May  7 12:21:34 AM EDT 2026:::
:::h2o Thu May  7 12:21:37 AM EDT 2026:::
:::Apache2 Thu May  7 12:21:40 AM EDT 2026:::
:::Lighttpd Thu May  7 12:21:43 AM EDT 2026:::
:::h2o Thu May  7 12:21:46 AM EDT 2026:::
:::Apache2 Thu May  7 12:21:49 AM EDT 2026:::
:::Lighttpd Thu May  7 12:21:52 AM EDT 2026:::
:::h2o Thu May  7 12:21:56 AM EDT 2026:::
:::Apache2 Thu May  7 12:21:59 AM EDT 2026:::
:::Lighttpd Thu May  7 12:22:02 AM EDT 2026:::
:::h2o Thu May  7 12:22:05 AM EDT 2026:::
:::Apache2 Thu May  7 12:22:08 AM EDT 2026:::
:::Lighttpd Thu May  7 12:22:11 AM EDT 2026:::
:::h2o Thu May  7 12:22:14 AM EDT 2026:::
:::Apache2 Thu May  7 12:22:17 AM EDT 2026:::
:::Lighttpd Thu May  7 12:22:20 AM EDT 2026:::
:::h2o Thu May  7 12:22:23 AM EDT 2026:::
:::Apache2 Thu May  7 12:22:26 AM EDT 2026:::
:::Lighttpd Thu May  7 12:22:29 AM EDT 2026:::
:::h2o Thu May  7 12:22:32 AM EDT 2026:::
:::Apache2 Thu May  7 12:22:35 AM EDT 2026:::
:::Lighttpd Thu May  7 12:22:38 AM EDT 2026:::
:::h2o Thu May  7 12:22:41 AM EDT 2026:::
:::Apache2 Thu May  7 12:22:44 AM EDT 2026:::
:::Lighttpd Thu May  7 12:22:47 AM EDT 2026:::
:::h2o Thu May  7 12:22:50 AM EDT 2026:::
:::Apache2 Thu May  7 12:22:53 AM EDT 2026:::
:::Lighttpd Thu May  7 12:22:56 AM EDT 2026:::
:::h2o Thu May  7 12:22:59 AM EDT 2026:::
:::Apache2 Thu May  7 12:23:02 AM EDT 2026:::
:::Lighttpd Thu May  7 12:23:06 AM EDT 2026:::
:::h2o Thu May  7 12:23:09 AM EDT 2026:::
:::Apache2 Thu May  7 12:23:12 AM EDT 2026:::
:::Lighttpd Thu May  7 12:23:15 AM EDT 2026:::
:::h2o Thu May  7 12:23:18 AM EDT 2026:::
:::Apache2 Thu May  7 12:23:21 AM EDT 2026:::
:::Lighttpd Thu May  7 12:23:24 AM EDT 2026:::
:::h2o Thu May  7 12:23:27 AM EDT 2026:::
:::Apache2 Thu May  7 12:23:30 AM EDT 2026:::
:::Lighttpd Thu May  7 12:23:33 AM EDT 2026:::
:::h2o Thu May  7 12:23:36 AM EDT 2026:::
:::Apache2 Thu May  7 12:23:39 AM EDT 2026:::
:::Lighttpd Thu May  7 12:23:42 AM EDT 2026:::
:::h2o Thu May  7 12:23:45 AM EDT 2026:::
:::Apache2 Thu May  7 12:23:48 AM EDT 2026:::
:::Lighttpd Thu May  7 12:23:51 AM EDT 2026:::
:::h2o Thu May  7 12:23:54 AM EDT 2026:::
:::Apache2 Thu May  7 12:23:57 AM EDT 2026:::
:::Lighttpd Thu May  7 12:24:00 AM EDT 2026:::
:::h2o Thu May  7 12:24:03 AM EDT 2026:::
:::Apache2 Thu May  7 12:24:06 AM EDT 2026:::
:::Lighttpd Thu May  7 12:24:09 AM EDT 2026:::
:::h2o Thu May  7 12:24:12 AM EDT 2026:::
:::Apache2 Thu May  7 12:24:15 AM EDT 2026:::
:::Lighttpd Thu May  7 12:24:19 AM EDT 2026:::
:::h2o Thu May  7 12:24:22 AM EDT 2026:::
:::Apache2 Thu May  7 12:24:25 AM EDT 2026:::
:::Lighttpd Thu May  7 12:24:28 AM EDT 2026:::
:::h2o Thu May  7 12:24:31 AM EDT 2026:::
:::Apache2 Thu May  7 12:24:34 AM EDT 2026:::
:::Lighttpd Thu May  7 12:24:37 AM EDT 2026:::
:::h2o Thu May  7 12:24:40 AM EDT 2026:::
:::Apache2 Thu May  7 12:24:43 AM EDT 2026:::
:::Lighttpd Thu May  7 12:24:46 AM EDT 2026:::
:::h2o Thu May  7 12:24:49 AM EDT 2026:::
:::Apache2 Thu May  7 12:24:52 AM EDT 2026:::
:::Lighttpd Thu May  7 12:24:55 AM EDT 2026:::
:::h2o Thu May  7 12:24:58 AM EDT 2026:::
:::Apache2 Thu May  7 12:25:01 AM EDT 2026:::
:::Lighttpd Thu May  7 12:25:04 AM EDT 2026:::
:::h2o Thu May  7 12:25:07 AM EDT 2026:::
:::Apache2 Thu May  7 12:25:10 AM EDT 2026:::
:::Lighttpd Thu May  7 12:25:13 AM EDT 2026:::
:::h2o Thu May  7 12:25:16 AM EDT 2026:::
:::Apache2 Thu May  7 12:25:19 AM EDT 2026:::
:::Lighttpd Thu May  7 12:25:22 AM EDT 2026:::
:::h2o Thu May  7 12:25:25 AM EDT 2026:::
:::Apache2 Thu May  7 12:25:28 AM EDT 2026:::
:::Lighttpd Thu May  7 12:25:32 AM EDT 2026:::
:::h2o Thu May  7 12:25:35 AM EDT 2026:::
:::Apache2 Thu May  7 12:25:38 AM EDT 2026:::
:::Lighttpd Thu May  7 12:25:41 AM EDT 2026:::
:::h2o Thu May  7 12:25:44 AM EDT 2026:::
:::Apache2 Thu May  7 12:25:47 AM EDT 2026:::
:::Lighttpd Thu May  7 12:25:50 AM EDT 2026:::
:::h2o Thu May  7 12:25:53 AM EDT 2026:::
:::Apache2 Thu May  7 12:25:56 AM EDT 2026:::
:::Lighttpd Thu May  7 12:25:59 AM EDT 2026:::
:::h2o Thu May  7 12:26:02 AM EDT 2026:::
:::Apache2 Thu May  7 12:26:05 AM EDT 2026:::
:::Lighttpd Thu May  7 12:26:08 AM EDT 2026:::
:::h2o Thu May  7 12:26:11 AM EDT 2026:::
:::Apache2 Thu May  7 12:26:14 AM EDT 2026:::
:::Lighttpd Thu May  7 12:26:17 AM EDT 2026:::
:::h2o Thu May  7 12:26:20 AM EDT 2026:::
:::Apache2 Thu May  7 12:26:23 AM EDT 2026:::
:::Lighttpd Thu May  7 12:26:26 AM EDT 2026:::
:::h2o Thu May  7 12:26:29 AM EDT 2026:::
:::Apache2 Thu May  7 12:26:32 AM EDT 2026:::
:::Lighttpd Thu May  7 12:26:35 AM EDT 2026:::
:::h2o Thu May  7 12:26:38 AM EDT 2026:::
:::Apache2 Thu May  7 12:26:41 AM EDT 2026:::
:::Lighttpd Thu May  7 12:26:45 AM EDT 2026:::
:::h2o Thu May  7 12:26:48 AM EDT 2026:::
:::Apache2 Thu May  7 12:26:51 AM EDT 2026:::
:::Lighttpd Thu May  7 12:26:54 AM EDT 2026:::
:::h2o Thu May  7 12:26:57 AM EDT 2026:::
:::Apache2 Thu May  7 12:27:00 AM EDT 2026:::
:::Lighttpd Thu May  7 12:27:03 AM EDT 2026:::
:::h2o Thu May  7 12:27:06 AM EDT 2026:::
:::Apache2 Thu May  7 12:27:09 AM EDT 2026:::
:::Lighttpd Thu May  7 12:27:12 AM EDT 2026:::
:::h2o Thu May  7 12:27:15 AM EDT 2026:::
:::Apache2 Thu May  7 12:27:18 AM EDT 2026:::
:::Lighttpd Thu May  7 12:27:21 AM EDT 2026:::
:::h2o Thu May  7 12:27:24 AM EDT 2026:::
:::Apache2 Thu May  7 12:27:27 AM EDT 2026:::
:::Lighttpd Thu May  7 12:27:30 AM EDT 2026:::
:::h2o Thu May  7 12:27:33 AM EDT 2026:::
:::Apache2 Thu May  7 12:27:36 AM EDT 2026:::
:::Lighttpd Thu May  7 12:27:39 AM EDT 2026:::
:::h2o Thu May  7 12:27:42 AM EDT 2026:::
:::Apache2 Thu May  7 12:27:45 AM EDT 2026:::
:::Lighttpd Thu May  7 12:27:48 AM EDT 2026:::
:::h2o Thu May  7 12:27:51 AM EDT 2026:::
:::Apache2 Thu May  7 12:27:54 AM EDT 2026:::
:::Lighttpd Thu May  7 12:27:58 AM EDT 2026:::
:::h2o Thu May  7 12:28:01 AM EDT 2026:::
:::Apache2 Thu May  7 12:28:04 AM EDT 2026:::
:::Lighttpd Thu May  7 12:28:07 AM EDT 2026:::
:::h2o Thu May  7 12:28:10 AM EDT 2026:::
:::Apache2 Thu May  7 12:28:13 AM EDT 2026:::
:::Lighttpd Thu May  7 12:28:16 AM EDT 2026:::
:::h2o Thu May  7 12:28:19 AM EDT 2026:::
:::Apache2 Thu May  7 12:28:22 AM EDT 2026:::
:::Lighttpd Thu May  7 12:28:25 AM EDT 2026:::
:::h2o Thu May  7 12:28:28 AM EDT 2026:::
:::Apache2 Thu May  7 12:28:31 AM EDT 2026:::
:::Lighttpd Thu May  7 12:28:34 AM EDT 2026:::
:::h2o Thu May  7 12:28:37 AM EDT 2026:::
:::Apache2 Thu May  7 12:28:40 AM EDT 2026:::
:::Lighttpd Thu May  7 12:28:43 AM EDT 2026:::
:::h2o Thu May  7 12:28:46 AM EDT 2026:::
:::Apache2 Thu May  7 12:28:49 AM EDT 2026:::
:::Lighttpd Thu May  7 12:28:52 AM EDT 2026:::
:::h2o Thu May  7 12:28:55 AM EDT 2026:::
:::Apache2 Thu May  7 12:28:58 AM EDT 2026:::
:::Lighttpd Thu May  7 12:29:01 AM EDT 2026:::
:::h2o Thu May  7 12:29:04 AM EDT 2026:::
:::Apache2 Thu May  7 12:29:08 AM EDT 2026:::
:::Lighttpd Thu May  7 12:29:11 AM EDT 2026:::
:::h2o Thu May  7 12:29:14 AM EDT 2026:::
:::Apache2 Thu May  7 12:29:17 AM EDT 2026:::
:::Lighttpd Thu May  7 12:29:20 AM EDT 2026:::
:::h2o Thu May  7 12:29:23 AM EDT 2026:::
:::Apache2 Thu May  7 12:29:26 AM EDT 2026:::
:::Lighttpd Thu May  7 12:29:29 AM EDT 2026:::
:::h2o Thu May  7 12:29:32 AM EDT 2026:::
:::Apache2 Thu May  7 12:29:35 AM EDT 2026:::
:::Lighttpd Thu May  7 12:29:38 AM EDT 2026:::
:::h2o Thu May  7 12:29:41 AM EDT 2026:::
:::Apache2 Thu May  7 12:29:44 AM EDT 2026:::
:::Lighttpd Thu May  7 12:29:47 AM EDT 2026:::
:::h2o Thu May  7 12:29:50 AM EDT 2026:::
:::Apache2 Thu May  7 12:29:53 AM EDT 2026:::
:::Lighttpd Thu May  7 12:29:56 AM EDT 2026:::
:::h2o Thu May  7 12:29:59 AM EDT 2026:::
:::Apache2 Thu May  7 12:30:02 AM EDT 2026:::
:::Lighttpd Thu May  7 12:30:05 AM EDT 2026:::
:::h2o Thu May  7 12:30:08 AM EDT 2026:::
:::Apache2 Thu May  7 12:30:11 AM EDT 2026:::
:::Lighttpd Thu May  7 12:30:14 AM EDT 2026:::
:::h2o Thu May  7 12:30:17 AM EDT 2026:::
:::Apache2 Thu May  7 12:30:21 AM EDT 2026:::
:::Lighttpd Thu May  7 12:30:24 AM EDT 2026:::
:::h2o Thu May  7 12:30:27 AM EDT 2026:::
:::Apache2 Thu May  7 12:30:30 AM EDT 2026:::
:::Lighttpd Thu May  7 12:30:33 AM EDT 2026:::
:::h2o Thu May  7 12:30:36 AM EDT 2026:::
:::Apache2 Thu May  7 12:30:39 AM EDT 2026:::
:::Lighttpd Thu May  7 12:30:42 AM EDT 2026:::
:::h2o Thu May  7 12:30:45 AM EDT 2026:::
:::Apache2 Thu May  7 12:30:48 AM EDT 2026:::
:::Lighttpd Thu May  7 12:30:51 AM EDT 2026:::
:::h2o Thu May  7 12:30:54 AM EDT 2026:::
:::Apache2 Thu May  7 12:30:57 AM EDT 2026:::
:::Lighttpd Thu May  7 12:31:00 AM EDT 2026:::
:::h2o Thu May  7 12:31:03 AM EDT 2026:::
:::Apache2 Thu May  7 12:31:06 AM EDT 2026:::
:::Lighttpd Thu May  7 12:31:09 AM EDT 2026:::
:::h2o Thu May  7 12:31:12 AM EDT 2026:::
:::Apache2 Thu May  7 12:31:15 AM EDT 2026:::
:::Lighttpd Thu May  7 12:31:18 AM EDT 2026:::
:::h2o Thu May  7 12:31:21 AM EDT 2026:::
:::Apache2 Thu May  7 12:31:24 AM EDT 2026:::
:::Lighttpd Thu May  7 12:31:27 AM EDT 2026:::
:::h2o Thu May  7 12:31:31 AM EDT 2026:::
:::Apache2 Thu May  7 12:31:34 AM EDT 2026:::
:::Lighttpd Thu May  7 12:31:37 AM EDT 2026:::
:::h2o Thu May  7 12:31:40 AM EDT 2026:::
:::Apache2 Thu May  7 12:31:43 AM EDT 2026:::
:::Lighttpd Thu May  7 12:31:46 AM EDT 2026:::
:::h2o Thu May  7 12:31:49 AM EDT 2026:::
:::Apache2 Thu May  7 12:31:52 AM EDT 2026:::
:::Lighttpd Thu May  7 12:31:55 AM EDT 2026:::
:::h2o Thu May  7 12:31:58 AM EDT 2026:::
:::Apache2 Thu May  7 12:32:01 AM EDT 2026:::
:::Lighttpd Thu May  7 12:32:04 AM EDT 2026:::
:::h2o Thu May  7 12:32:07 AM EDT 2026:::
:::Apache2 Thu May  7 12:32:10 AM EDT 2026:::
:::Lighttpd Thu May  7 12:32:13 AM EDT 2026:::
:::h2o Thu May  7 12:32:16 AM EDT 2026:::
:::Apache2 Thu May  7 12:32:19 AM EDT 2026:::
:::Lighttpd Thu May  7 12:32:22 AM EDT 2026:::
:::h2o Thu May  7 12:32:25 AM EDT 2026:::
:::Apache2 Thu May  7 12:32:28 AM EDT 2026:::
:::Lighttpd Thu May  7 12:32:31 AM EDT 2026:::
:::h2o Thu May  7 12:32:34 AM EDT 2026:::
:::Apache2 Thu May  7 12:32:37 AM EDT 2026:::
:::Lighttpd Thu May  7 12:32:40 AM EDT 2026:::
:::h2o Thu May  7 12:32:44 AM EDT 2026:::
:::Apache2 Thu May  7 12:32:47 AM EDT 2026:::
:::Lighttpd Thu May  7 12:32:50 AM EDT 2026:::
:::h2o Thu May  7 12:32:53 AM EDT 2026:::
:::Apache2 Thu May  7 12:32:56 AM EDT 2026:::
:::Lighttpd Thu May  7 12:32:59 AM EDT 2026:::
:::h2o Thu May  7 12:33:02 AM EDT 2026:::
:::Apache2 Thu May  7 12:33:05 AM EDT 2026:::
:::Lighttpd Thu May  7 12:33:08 AM EDT 2026:::
:::h2o Thu May  7 12:33:11 AM EDT 2026:::
:::Apache2 Thu May  7 12:33:14 AM EDT 2026:::
:::Lighttpd Thu May  7 12:33:17 AM EDT 2026:::
:::h2o Thu May  7 12:33:20 AM EDT 2026:::
:::Apache2 Thu May  7 12:33:23 AM EDT 2026:::
:::Lighttpd Thu May  7 12:33:26 AM EDT 2026:::
:::h2o Thu May  7 12:33:29 AM EDT 2026:::
:::Apache2 Thu May  7 12:33:32 AM EDT 2026:::
:::Lighttpd Thu May  7 12:33:35 AM EDT 2026:::
:::h2o Thu May  7 12:33:38 AM EDT 2026:::
:::Apache2 Thu May  7 12:33:41 AM EDT 2026:::
:::Lighttpd Thu May  7 12:33:44 AM EDT 2026:::
:::h2o Thu May  7 12:33:47 AM EDT 2026:::
:::Apache2 Thu May  7 12:33:50 AM EDT 2026:::
:::Lighttpd Thu May  7 12:33:53 AM EDT 2026:::
:::h2o Thu May  7 12:33:57 AM EDT 2026:::
:::Apache2 Thu May  7 12:34:00 AM EDT 2026:::
:::Lighttpd Thu May  7 12:34:03 AM EDT 2026:::
:::h2o Thu May  7 12:34:06 AM EDT 2026:::
:::Apache2 Thu May  7 12:34:09 AM EDT 2026:::
:::Lighttpd Thu May  7 12:34:12 AM EDT 2026:::
:::h2o Thu May  7 12:34:15 AM EDT 2026:::
:::Apache2 Thu May  7 12:34:18 AM EDT 2026:::
:::Lighttpd Thu May  7 12:34:21 AM EDT 2026:::
:::h2o Thu May  7 12:34:24 AM EDT 2026:::
:::Apache2 Thu May  7 12:34:27 AM EDT 2026:::
:::Lighttpd Thu May  7 12:34:30 AM EDT 2026:::
:::h2o Thu May  7 12:34:33 AM EDT 2026:::
:::Apache2 Thu May  7 12:34:36 AM EDT 2026:::
:::Lighttpd Thu May  7 12:34:39 AM EDT 2026:::
:::h2o Thu May  7 12:34:42 AM EDT 2026:::
:::Apache2 Thu May  7 12:34:45 AM EDT 2026:::
:::Lighttpd Thu May  7 12:34:48 AM EDT 2026:::
:::h2o Thu May  7 12:34:51 AM EDT 2026:::
:::Apache2 Thu May  7 12:34:54 AM EDT 2026:::
:::Lighttpd Thu May  7 12:34:57 AM EDT 2026:::
:::h2o Thu May  7 12:35:00 AM EDT 2026:::
:::Apache2 Thu May  7 12:35:03 AM EDT 2026:::
:::Lighttpd Thu May  7 12:35:07 AM EDT 2026:::
:::h2o Thu May  7 12:35:10 AM EDT 2026:::
:::Apache2 Thu May  7 12:35:13 AM EDT 2026:::
:::Lighttpd Thu May  7 12:35:16 AM EDT 2026:::
:::h2o Thu May  7 12:35:19 AM EDT 2026:::
:::Apache2 Thu May  7 12:35:22 AM EDT 2026:::
:::Lighttpd Thu May  7 12:35:25 AM EDT 2026:::
:::h2o Thu May  7 12:35:28 AM EDT 2026:::
:::Apache2 Thu May  7 12:35:31 AM EDT 2026:::
:::Lighttpd Thu May  7 12:35:34 AM EDT 2026:::
:::h2o Thu May  7 12:35:37 AM EDT 2026:::
:::Apache2 Thu May  7 12:35:40 AM EDT 2026:::
:::Lighttpd Thu May  7 12:35:43 AM EDT 2026:::
:::h2o Thu May  7 12:35:46 AM EDT 2026:::
:::Apache2 Thu May  7 12:35:49 AM EDT 2026:::
:::Lighttpd Thu May  7 12:35:52 AM EDT 2026:::
:::h2o Thu May  7 12:35:55 AM EDT 2026:::
:::Apache2 Thu May  7 12:35:58 AM EDT 2026:::
:::Lighttpd Thu May  7 12:36:01 AM EDT 2026:::
:::h2o Thu May  7 12:36:04 AM EDT 2026:::
:::Apache2 Thu May  7 12:36:07 AM EDT 2026:::
:::Lighttpd Thu May  7 12:36:10 AM EDT 2026:::
:::h2o Thu May  7 12:36:13 AM EDT 2026:::
:::Apache2 Thu May  7 12:36:16 AM EDT 2026:::
:::Lighttpd Thu May  7 12:36:20 AM EDT 2026:::
:::h2o Thu May  7 12:36:23 AM EDT 2026:::
:::Apache2 Thu May  7 12:36:26 AM EDT 2026:::
:::Lighttpd Thu May  7 12:36:29 AM EDT 2026:::
:::h2o Thu May  7 12:36:32 AM EDT 2026:::
:::Apache2 Thu May  7 12:36:35 AM EDT 2026:::
:::Lighttpd Thu May  7 12:36:38 AM EDT 2026:::
:::h2o Thu May  7 12:36:41 AM EDT 2026:::
:::Apache2 Thu May  7 12:36:44 AM EDT 2026:::
:::Lighttpd Thu May  7 12:36:47 AM EDT 2026:::
:::h2o Thu May  7 12:36:50 AM EDT 2026:::
:::Apache2 Thu May  7 12:36:53 AM EDT 2026:::
:::Lighttpd Thu May  7 12:36:56 AM EDT 2026:::
:::h2o Thu May  7 12:36:59 AM EDT 2026:::
:::Apache2 Thu May  7 12:37:02 AM EDT 2026:::
:::Lighttpd Thu May  7 12:37:05 AM EDT 2026:::
:::h2o Thu May  7 12:37:08 AM EDT 2026:::
:::Apache2 Thu May  7 12:37:11 AM EDT 2026:::
:::Lighttpd Thu May  7 12:37:14 AM EDT 2026:::
:::h2o Thu May  7 12:37:17 AM EDT 2026:::
:::Apache2 Thu May  7 12:37:20 AM EDT 2026:::
:::Lighttpd Thu May  7 12:37:23 AM EDT 2026:::
:::h2o Thu May  7 12:37:26 AM EDT 2026:::
:::Apache2 Thu May  7 12:37:30 AM EDT 2026:::
:::Lighttpd Thu May  7 12:37:33 AM EDT 2026:::
:::h2o Thu May  7 12:37:36 AM EDT 2026:::
:::Apache2 Thu May  7 12:37:39 AM EDT 2026:::
:::Lighttpd Thu May  7 12:37:42 AM EDT 2026:::
:::h2o Thu May  7 12:37:45 AM EDT 2026:::
:::Apache2 Thu May  7 12:37:48 AM EDT 2026:::
:::Lighttpd Thu May  7 12:37:51 AM EDT 2026:::
:::h2o Thu May  7 12:37:54 AM EDT 2026:::
:::Apache2 Thu May  7 12:37:57 AM EDT 2026:::
:::Lighttpd Thu May  7 12:38:00 AM EDT 2026:::
:::h2o Thu May  7 12:38:03 AM EDT 2026:::
:::Apache2 Thu May  7 12:38:06 AM EDT 2026:::
:::Lighttpd Thu May  7 12:38:09 AM EDT 2026:::
:::h2o Thu May  7 12:38:12 AM EDT 2026:::
:::Apache2 Thu May  7 12:38:15 AM EDT 2026:::
:::Lighttpd Thu May  7 12:38:18 AM EDT 2026:::
:::h2o Thu May  7 12:38:21 AM EDT 2026:::
:::Apache2 Thu May  7 12:38:24 AM EDT 2026:::
:::Lighttpd Thu May  7 12:38:27 AM EDT 2026:::
:::h2o Thu May  7 12:38:30 AM EDT 2026:::
:::Apache2 Thu May  7 12:38:33 AM EDT 2026:::
:::Lighttpd Thu May  7 12:38:36 AM EDT 2026:::
:::h2o Thu May  7 12:38:39 AM EDT 2026:::
:::Apache2 Thu May  7 12:38:43 AM EDT 2026:::
:::Lighttpd Thu May  7 12:38:46 AM EDT 2026:::
:::h2o Thu May  7 12:38:49 AM EDT 2026:::
:::Apache2 Thu May  7 12:38:52 AM EDT 2026:::
:::Lighttpd Thu May  7 12:38:55 AM EDT 2026:::
:::h2o Thu May  7 12:38:58 AM EDT 2026:::
:::Apache2 Thu May  7 12:39:01 AM EDT 2026:::
:::Lighttpd Thu May  7 12:39:04 AM EDT 2026:::
:::h2o Thu May  7 12:39:07 AM EDT 2026:::
:::Apache2 Thu May  7 12:39:10 AM EDT 2026:::
:::Lighttpd Thu May  7 12:39:13 AM EDT 2026:::
:::h2o Thu May  7 12:39:16 AM EDT 2026:::
:::Apache2 Thu May  7 12:39:19 AM EDT 2026:::
:::Lighttpd Thu May  7 12:39:22 AM EDT 2026:::
:::h2o Thu May  7 12:39:25 AM EDT 2026:::
:::Apache2 Thu May  7 12:39:28 AM EDT 2026:::
:::Lighttpd Thu May  7 12:39:31 AM EDT 2026:::
:::h2o Thu May  7 12:39:34 AM EDT 2026:::
:::Apache2 Thu May  7 12:39:37 AM EDT 2026:::
:::Lighttpd Thu May  7 12:39:40 AM EDT 2026:::
:::h2o Thu May  7 12:39:43 AM EDT 2026:::
:::Apache2 Thu May  7 12:39:46 AM EDT 2026:::
:::Lighttpd Thu May  7 12:39:49 AM EDT 2026:::
:::h2o Thu May  7 12:39:53 AM EDT 2026:::
:::Apache2 Thu May  7 12:39:56 AM EDT 2026:::
:::Lighttpd Thu May  7 12:39:59 AM EDT 2026:::
:::h2o Thu May  7 12:40:02 AM EDT 2026:::
:::Apache2 Thu May  7 12:40:05 AM EDT 2026:::
:::Lighttpd Thu May  7 12:40:08 AM EDT 2026:::
:::h2o Thu May  7 12:40:11 AM EDT 2026:::
:::Apache2 Thu May  7 12:40:14 AM EDT 2026:::
:::Lighttpd Thu May  7 12:40:17 AM EDT 2026:::
:::h2o Thu May  7 12:40:20 AM EDT 2026:::
:::Apache2 Thu May  7 12:40:23 AM EDT 2026:::
:::Lighttpd Thu May  7 12:40:26 AM EDT 2026:::
:::h2o Thu May  7 12:40:29 AM EDT 2026:::
:::Apache2 Thu May  7 12:40:32 AM EDT 2026:::
:::Lighttpd Thu May  7 12:40:35 AM EDT 2026:::
:::h2o Thu May  7 12:40:38 AM EDT 2026:::
:::Apache2 Thu May  7 12:40:41 AM EDT 2026:::
:::Lighttpd Thu May  7 12:40:44 AM EDT 2026:::
:::h2o Thu May  7 12:40:47 AM EDT 2026:::
:::Apache2 Thu May  7 12:40:50 AM EDT 2026:::
:::Lighttpd Thu May  7 12:40:53 AM EDT 2026:::
:::h2o Thu May  7 12:40:56 AM EDT 2026:::
:::Apache2 Thu May  7 12:40:59 AM EDT 2026:::
:::Lighttpd Thu May  7 12:41:02 AM EDT 2026:::
:::h2o Thu May  7 12:41:06 AM EDT 2026:::
:::Apache2 Thu May  7 12:41:09 AM EDT 2026:::
:::Lighttpd Thu May  7 12:41:12 AM EDT 2026:::
:::h2o Thu May  7 12:41:15 AM EDT 2026:::
:::Apache2 Thu May  7 12:41:18 AM EDT 2026:::
:::Lighttpd Thu May  7 12:41:21 AM EDT 2026:::
:::h2o Thu May  7 12:41:24 AM EDT 2026:::
:::Apache2 Thu May  7 12:41:27 AM EDT 2026:::
:::Lighttpd Thu May  7 12:41:30 AM EDT 2026:::
:::h2o Thu May  7 12:41:33 AM EDT 2026:::
:::Apache2 Thu May  7 12:41:36 AM EDT 2026:::
:::Lighttpd Thu May  7 12:41:39 AM EDT 2026:::
:::h2o Thu May  7 12:41:42 AM EDT 2026:::
:::Apache2 Thu May  7 12:41:45 AM EDT 2026:::
:::Lighttpd Thu May  7 12:41:48 AM EDT 2026:::
:::h2o Thu May  7 12:41:51 AM EDT 2026:::
:::Apache2 Thu May  7 12:41:54 AM EDT 2026:::
:::Lighttpd Thu May  7 12:41:57 AM EDT 2026:::
:::h2o Thu May  7 12:42:00 AM EDT 2026:::
:::Apache2 Thu May  7 12:42:03 AM EDT 2026:::
:::Lighttpd Thu May  7 12:42:06 AM EDT 2026:::
:::h2o Thu May  7 12:42:09 AM EDT 2026:::
:::Apache2 Thu May  7 12:42:12 AM EDT 2026:::
:::Lighttpd Thu May  7 12:42:16 AM EDT 2026:::
:::h2o Thu May  7 12:42:19 AM EDT 2026:::
:::Apache2 Thu May  7 12:42:22 AM EDT 2026:::
:::Lighttpd Thu May  7 12:42:25 AM EDT 2026:::
:::h2o Thu May  7 12:42:28 AM EDT 2026:::
:::Apache2 Thu May  7 12:42:31 AM EDT 2026:::
:::Lighttpd Thu May  7 12:42:34 AM EDT 2026:::
:::h2o Thu May  7 12:42:37 AM EDT 2026:::
:::Apache2 Thu May  7 12:42:40 AM EDT 2026:::
:::Lighttpd Thu May  7 12:42:43 AM EDT 2026:::
:::h2o Thu May  7 12:42:46 AM EDT 2026:::
:::Apache2 Thu May  7 12:42:49 AM EDT 2026:::
:::Lighttpd Thu May  7 12:42:52 AM EDT 2026:::
:::h2o Thu May  7 12:42:55 AM EDT 2026:::
:::Apache2 Thu May  7 12:42:58 AM EDT 2026:::
:::Lighttpd Thu May  7 12:43:01 AM EDT 2026:::
:::h2o Thu May  7 12:43:04 AM EDT 2026:::
:::Apache2 Thu May  7 12:43:07 AM EDT 2026:::
:::Lighttpd Thu May  7 12:43:10 AM EDT 2026:::
:::h2o Thu May  7 12:43:13 AM EDT 2026:::
:::Apache2 Thu May  7 12:43:16 AM EDT 2026:::
:::Lighttpd Thu May  7 12:43:19 AM EDT 2026:::
:::h2o Thu May  7 12:43:22 AM EDT 2026:::
:::Apache2 Thu May  7 12:43:25 AM EDT 2026:::
:::Lighttpd Thu May  7 12:43:29 AM EDT 2026:::
:::h2o Thu May  7 12:43:32 AM EDT 2026:::
:::Apache2 Thu May  7 12:43:35 AM EDT 2026:::
:::Lighttpd Thu May  7 12:43:38 AM EDT 2026:::
:::h2o Thu May  7 12:43:41 AM EDT 2026:::
:::Apache2 Thu May  7 12:43:44 AM EDT 2026:::
:::Lighttpd Thu May  7 12:43:47 AM EDT 2026:::
:::h2o Thu May  7 12:43:50 AM EDT 2026:::
:::Apache2 Thu May  7 12:43:53 AM EDT 2026:::
:::Lighttpd Thu May  7 12:43:56 AM EDT 2026:::
:::h2o Thu May  7 12:43:59 AM EDT 2026:::
:::Apache2 Thu May  7 12:44:02 AM EDT 2026:::
:::Lighttpd Thu May  7 12:44:05 AM EDT 2026:::
:::h2o Thu May  7 12:44:08 AM EDT 2026:::
:::Apache2 Thu May  7 12:44:11 AM EDT 2026:::
:::Lighttpd Thu May  7 12:44:14 AM EDT 2026:::
:::h2o Thu May  7 12:44:17 AM EDT 2026:::
:::Apache2 Thu May  7 12:44:20 AM EDT 2026:::
:::Lighttpd Thu May  7 12:44:23 AM EDT 2026:::
:::h2o Thu May  7 12:44:26 AM EDT 2026:::
:::Apache2 Thu May  7 12:44:29 AM EDT 2026:::
:::Lighttpd Thu May  7 12:44:32 AM EDT 2026:::
:::h2o Thu May  7 12:44:35 AM EDT 2026:::
:::Apache2 Thu May  7 12:44:39 AM EDT 2026:::
:::Lighttpd Thu May  7 12:44:42 AM EDT 2026:::
:::h2o Thu May  7 12:44:45 AM EDT 2026:::
:::Apache2 Thu May  7 12:44:48 AM EDT 2026:::
:::Lighttpd Thu May  7 12:44:51 AM EDT 2026:::
:::h2o Thu May  7 12:44:54 AM EDT 2026:::
:::Apache2 Thu May  7 12:44:57 AM EDT 2026:::
:::Lighttpd Thu May  7 12:45:00 AM EDT 2026:::
:::h2o Thu May  7 12:45:03 AM EDT 2026:::
:::Apache2 Thu May  7 12:45:06 AM EDT 2026:::
:::Lighttpd Thu May  7 12:45:09 AM EDT 2026:::
:::h2o Thu May  7 12:45:12 AM EDT 2026:::
:::Apache2 Thu May  7 12:45:15 AM EDT 2026:::
:::Lighttpd Thu May  7 12:45:18 AM EDT 2026:::
:::h2o Thu May  7 12:45:21 AM EDT 2026:::
:::Apache2 Thu May  7 12:45:24 AM EDT 2026:::
:::Lighttpd Thu May  7 12:45:27 AM EDT 2026:::
:::h2o Thu May  7 12:45:30 AM EDT 2026:::
:::Apache2 Thu May  7 12:45:33 AM EDT 2026:::
:::Lighttpd Thu May  7 12:45:36 AM EDT 2026:::
:::h2o Thu May  7 12:45:39 AM EDT 2026:::
:::Apache2 Thu May  7 12:45:42 AM EDT 2026:::
:::Lighttpd Thu May  7 12:45:45 AM EDT 2026:::
:::h2o Thu May  7 12:45:48 AM EDT 2026:::
:::Apache2 Thu May  7 12:45:51 AM EDT 2026:::
:::Lighttpd Thu May  7 12:45:55 AM EDT 2026:::
:::h2o Thu May  7 12:45:58 AM EDT 2026:::
:::Apache2 Thu May  7 12:46:01 AM EDT 2026:::
:::Lighttpd Thu May  7 12:46:04 AM EDT 2026:::
:::h2o Thu May  7 12:46:07 AM EDT 2026:::
:::Apache2 Thu May  7 12:46:10 AM EDT 2026:::
:::Lighttpd Thu May  7 12:46:13 AM EDT 2026:::
:::h2o Thu May  7 12:46:16 AM EDT 2026:::
:::Apache2 Thu May  7 12:46:19 AM EDT 2026:::
:::Lighttpd Thu May  7 12:46:22 AM EDT 2026:::
:::h2o Thu May  7 12:46:25 AM EDT 2026:::
:::Apache2 Thu May  7 12:46:28 AM EDT 2026:::
:::Lighttpd Thu May  7 12:46:31 AM EDT 2026:::
:::h2o Thu May  7 12:46:34 AM EDT 2026:::
:::Apache2 Thu May  7 12:46:37 AM EDT 2026:::
:::Lighttpd Thu May  7 12:46:40 AM EDT 2026:::
:::h2o Thu May  7 12:46:43 AM EDT 2026:::
:::Apache2 Thu May  7 12:46:46 AM EDT 2026:::
:::Lighttpd Thu May  7 12:46:49 AM EDT 2026:::
:::h2o Thu May  7 12:46:52 AM EDT 2026:::
:::Apache2 Thu May  7 12:46:55 AM EDT 2026:::
:::Lighttpd Thu May  7 12:46:58 AM EDT 2026:::
:::h2o Thu May  7 12:47:01 AM EDT 2026:::
:::Apache2 Thu May  7 12:47:05 AM EDT 2026:::
:::Lighttpd Thu May  7 12:47:08 AM EDT 2026:::
:::h2o Thu May  7 12:47:11 AM EDT 2026:::
:::Apache2 Thu May  7 12:47:14 AM EDT 2026:::
:::Lighttpd Thu May  7 12:47:17 AM EDT 2026:::
:::h2o Thu May  7 12:47:20 AM EDT 2026:::
:::Apache2 Thu May  7 12:47:23 AM EDT 2026:::
:::Lighttpd Thu May  7 12:47:26 AM EDT 2026:::
:::h2o Thu May  7 12:47:29 AM EDT 2026:::
:::Apache2 Thu May  7 12:47:32 AM EDT 2026:::
:::Lighttpd Thu May  7 12:47:35 AM EDT 2026:::
:::h2o Thu May  7 12:47:38 AM EDT 2026:::
:::Apache2 Thu May  7 12:47:41 AM EDT 2026:::
:::Lighttpd Thu May  7 12:47:44 AM EDT 2026:::
:::h2o Thu May  7 12:47:47 AM EDT 2026:::
:::Apache2 Thu May  7 12:47:50 AM EDT 2026:::
:::Lighttpd Thu May  7 12:47:53 AM EDT 2026:::
:::h2o Thu May  7 12:47:56 AM EDT 2026:::
:::Apache2 Thu May  7 12:47:59 AM EDT 2026:::
:::Lighttpd Thu May  7 12:48:02 AM EDT 2026:::
:::h2o Thu May  7 12:48:05 AM EDT 2026:::
:::Apache2 Thu May  7 12:48:08 AM EDT 2026:::
:::Lighttpd Thu May  7 12:48:11 AM EDT 2026:::
:::h2o Thu May  7 12:48:15 AM EDT 2026:::
:::Apache2 Thu May  7 12:48:18 AM EDT 2026:::
:::Lighttpd Thu May  7 12:48:21 AM EDT 2026:::
:::h2o Thu May  7 12:48:24 AM EDT 2026:::
:::Apache2 Thu May  7 12:48:27 AM EDT 2026:::
:::Lighttpd Thu May  7 12:48:30 AM EDT 2026:::
:::h2o Thu May  7 12:48:33 AM EDT 2026:::
:::Apache2 Thu May  7 12:48:36 AM EDT 2026:::
:::Lighttpd Thu May  7 12:48:39 AM EDT 2026:::
:::h2o Thu May  7 12:48:42 AM EDT 2026:::
:::Apache2 Thu May  7 12:48:45 AM EDT 2026:::
:::Lighttpd Thu May  7 12:48:48 AM EDT 2026:::
:::h2o Thu May  7 12:48:51 AM EDT 2026:::
:::Apache2 Thu May  7 12:48:54 AM EDT 2026:::
:::Lighttpd Thu May  7 12:48:57 AM EDT 2026:::
:::h2o Thu May  7 12:49:00 AM EDT 2026:::
:::Apache2 Thu May  7 12:49:03 AM EDT 2026:::
:::Lighttpd Thu May  7 12:49:06 AM EDT 2026:::
:::h2o Thu May  7 12:49:09 AM EDT 2026:::
:::Apache2 Thu May  7 12:49:12 AM EDT 2026:::
:::Lighttpd Thu May  7 12:49:15 AM EDT 2026:::
:::h2o Thu May  7 12:49:18 AM EDT 2026:::
:::Apache2 Thu May  7 12:49:21 AM EDT 2026:::
:::Lighttpd Thu May  7 12:49:25 AM EDT 2026:::
:::h2o Thu May  7 12:49:28 AM EDT 2026:::
:::Apache2 Thu May  7 12:49:31 AM EDT 2026:::
:::Lighttpd Thu May  7 12:49:34 AM EDT 2026:::
:::h2o Thu May  7 12:49:37 AM EDT 2026:::
:::Apache2 Thu May  7 12:49:40 AM EDT 2026:::
:::Lighttpd Thu May  7 12:49:43 AM EDT 2026:::
:::h2o Thu May  7 12:49:46 AM EDT 2026:::
:::Apache2 Thu May  7 12:49:49 AM EDT 2026:::
:::Lighttpd Thu May  7 12:49:52 AM EDT 2026:::
:::h2o Thu May  7 12:49:55 AM EDT 2026:::
:::Apache2 Thu May  7 12:49:58 AM EDT 2026:::
:::Lighttpd Thu May  7 12:50:01 AM EDT 2026:::
:::h2o Thu May  7 12:50:04 AM EDT 2026:::
:::Apache2 Thu May  7 12:50:07 AM EDT 2026:::
:::Lighttpd Thu May  7 12:50:10 AM EDT 2026:::
:::h2o Thu May  7 12:50:13 AM EDT 2026:::
:::Apache2 Thu May  7 12:50:16 AM EDT 2026:::
:::Lighttpd Thu May  7 12:50:19 AM EDT 2026:::
:::h2o Thu May  7 12:50:22 AM EDT 2026:::
:::Apache2 Thu May  7 12:50:25 AM EDT 2026:::
:::Lighttpd Thu May  7 12:50:28 AM EDT 2026:::
:::h2o Thu May  7 12:50:31 AM EDT 2026:::
:::Apache2 Thu May  7 12:50:34 AM EDT 2026:::
:::Lighttpd Thu May  7 12:50:38 AM EDT 2026:::
:::h2o Thu May  7 12:50:41 AM EDT 2026:::
:::Apache2 Thu May  7 12:50:44 AM EDT 2026:::
:::Lighttpd Thu May  7 12:50:47 AM EDT 2026:::
:::h2o Thu May  7 12:50:50 AM EDT 2026:::
:::Apache2 Thu May  7 12:50:53 AM EDT 2026:::
:::Lighttpd Thu May  7 12:50:56 AM EDT 2026:::
:::h2o Thu May  7 12:50:59 AM EDT 2026:::
:::Apache2 Thu May  7 12:51:02 AM EDT 2026:::
:::Lighttpd Thu May  7 12:51:05 AM EDT 2026:::
:::h2o Thu May  7 12:51:08 AM EDT 2026:::
:::Apache2 Thu May  7 12:51:11 AM EDT 2026:::
:::Lighttpd Thu May  7 12:51:14 AM EDT 2026:::
:::h2o Thu May  7 12:51:17 AM EDT 2026:::
:::Apache2 Thu May  7 12:51:20 AM EDT 2026:::
:::Lighttpd Thu May  7 12:51:23 AM EDT 2026:::
:::h2o Thu May  7 12:51:26 AM EDT 2026:::
:::Apache2 Thu May  7 12:51:29 AM EDT 2026:::
:::Lighttpd Thu May  7 12:51:32 AM EDT 2026:::
:::h2o Thu May  7 12:51:35 AM EDT 2026:::
:::Apache2 Thu May  7 12:51:38 AM EDT 2026:::
:::Lighttpd Thu May  7 12:51:41 AM EDT 2026:::
:::h2o Thu May  7 12:51:44 AM EDT 2026:::
:::Apache2 Thu May  7 12:51:47 AM EDT 2026:::
:::Lighttpd Thu May  7 12:51:51 AM EDT 2026:::
:::h2o Thu May  7 12:51:54 AM EDT 2026:::
:::Apache2 Thu May  7 12:51:57 AM EDT 2026:::
:::Lighttpd Thu May  7 12:52:00 AM EDT 2026:::
:::h2o Thu May  7 12:52:03 AM EDT 2026:::
:::Apache2 Thu May  7 12:52:06 AM EDT 2026:::
:::Lighttpd Thu May  7 12:52:09 AM EDT 2026:::
:::h2o Thu May  7 12:52:12 AM EDT 2026:::
:::Apache2 Thu May  7 12:52:15 AM EDT 2026:::
:::Lighttpd Thu May  7 12:52:18 AM EDT 2026:::
:::h2o Thu May  7 12:52:21 AM EDT 2026:::
:::Apache2 Thu May  7 12:52:24 AM EDT 2026:::
:::Lighttpd Thu May  7 12:52:27 AM EDT 2026:::
:::h2o Thu May  7 12:52:30 AM EDT 2026:::
:::Apache2 Thu May  7 12:52:33 AM EDT 2026:::
:::Lighttpd Thu May  7 12:52:36 AM EDT 2026:::
:::h2o Thu May  7 12:52:39 AM EDT 2026:::
:::Apache2 Thu May  7 12:52:42 AM EDT 2026:::
:::Lighttpd Thu May  7 12:52:45 AM EDT 2026:::
:::h2o Thu May  7 12:52:48 AM EDT 2026:::
:::Apache2 Thu May  7 12:52:51 AM EDT 2026:::
:::Lighttpd Thu May  7 12:52:54 AM EDT 2026:::
:::h2o Thu May  7 12:52:57 AM EDT 2026:::
:::Apache2 Thu May  7 12:53:00 AM EDT 2026:::
:::Lighttpd Thu May  7 12:53:04 AM EDT 2026:::
:::h2o Thu May  7 12:53:07 AM EDT 2026:::
:::Apache2 Thu May  7 12:53:10 AM EDT 2026:::
:::Lighttpd Thu May  7 12:53:13 AM EDT 2026:::
:::h2o Thu May  7 12:53:16 AM EDT 2026:::
:::Apache2 Thu May  7 12:53:19 AM EDT 2026:::
:::Lighttpd Thu May  7 12:53:22 AM EDT 2026:::
:::h2o Thu May  7 12:53:25 AM EDT 2026:::
:::Apache2 Thu May  7 12:53:28 AM EDT 2026:::
:::Lighttpd Thu May  7 12:53:31 AM EDT 2026:::
:::h2o Thu May  7 12:53:34 AM EDT 2026:::
:::Apache2 Thu May  7 12:53:37 AM EDT 2026:::
:::Lighttpd Thu May  7 12:53:40 AM EDT 2026:::
:::h2o Thu May  7 12:53:43 AM EDT 2026:::
:::Apache2 Thu May  7 12:53:46 AM EDT 2026:::
:::Lighttpd Thu May  7 12:53:49 AM EDT 2026:::
:::h2o Thu May  7 12:53:52 AM EDT 2026:::
:::Apache2 Thu May  7 12:53:55 AM EDT 2026:::
:::Lighttpd Thu May  7 12:53:58 AM EDT 2026:::
:::h2o Thu May  7 12:54:01 AM EDT 2026:::
:::Apache2 Thu May  7 12:54:04 AM EDT 2026:::
:::Lighttpd Thu May  7 12:54:07 AM EDT 2026:::
:::h2o Thu May  7 12:54:10 AM EDT 2026:::
:::Apache2 Thu May  7 12:54:13 AM EDT 2026:::
:::Lighttpd Thu May  7 12:54:17 AM EDT 2026:::
:::h2o Thu May  7 12:54:20 AM EDT 2026:::
:::Apache2 Thu May  7 12:54:23 AM EDT 2026:::
:::Lighttpd Thu May  7 12:54:26 AM EDT 2026:::
:::h2o Thu May  7 12:54:29 AM EDT 2026:::
:::Apache2 Thu May  7 12:54:32 AM EDT 2026:::
:::Lighttpd Thu May  7 12:54:35 AM EDT 2026:::
:::h2o Thu May  7 12:54:38 AM EDT 2026:::
:::Apache2 Thu May  7 12:54:41 AM EDT 2026:::
:::Lighttpd Thu May  7 12:54:44 AM EDT 2026:::
:::h2o Thu May  7 12:54:47 AM EDT 2026:::
:::Apache2 Thu May  7 12:54:50 AM EDT 2026:::
:::Lighttpd Thu May  7 12:54:53 AM EDT 2026:::
:::h2o Thu May  7 12:54:56 AM EDT 2026:::
:::Apache2 Thu May  7 12:54:59 AM EDT 2026:::
:::Lighttpd Thu May  7 12:55:02 AM EDT 2026:::
:::h2o Thu May  7 12:55:05 AM EDT 2026:::
:::Apache2 Thu May  7 12:55:08 AM EDT 2026:::
:::Lighttpd Thu May  7 12:55:11 AM EDT 2026:::
:::h2o Thu May  7 12:55:14 AM EDT 2026:::
:::Apache2 Thu May  7 12:55:17 AM EDT 2026:::
:::Lighttpd Thu May  7 12:55:20 AM EDT 2026:::
:::h2o Thu May  7 12:55:23 AM EDT 2026:::
:::Apache2 Thu May  7 12:55:26 AM EDT 2026:::
:::Lighttpd Thu May  7 12:55:30 AM EDT 2026:::
:::h2o Thu May  7 12:55:33 AM EDT 2026:::
:::Apache2 Thu May  7 12:55:36 AM EDT 2026:::
:::Lighttpd Thu May  7 12:55:39 AM EDT 2026:::
:::h2o Thu May  7 12:55:42 AM EDT 2026:::
:::Apache2 Thu May  7 12:55:45 AM EDT 2026:::
:::Lighttpd Thu May  7 12:55:48 AM EDT 2026:::
:::h2o Thu May  7 12:55:51 AM EDT 2026:::
:::Apache2 Thu May  7 12:55:54 AM EDT 2026:::
:::Lighttpd Thu May  7 12:55:57 AM EDT 2026:::
:::h2o Thu May  7 12:56:00 AM EDT 2026:::
:::Apache2 Thu May  7 12:56:03 AM EDT 2026:::
:::Lighttpd Thu May  7 12:56:06 AM EDT 2026:::
:::h2o Thu May  7 12:56:09 AM EDT 2026:::
:::Apache2 Thu May  7 12:56:12 AM EDT 2026:::
:::Lighttpd Thu May  7 12:56:15 AM EDT 2026:::
:::h2o Thu May  7 12:56:18 AM EDT 2026:::
:::Apache2 Thu May  7 12:56:21 AM EDT 2026:::
:::Lighttpd Thu May  7 12:56:24 AM EDT 2026:::
:::h2o Thu May  7 12:56:27 AM EDT 2026:::
:::Apache2 Thu May  7 12:56:30 AM EDT 2026:::
:::Lighttpd Thu May  7 12:56:33 AM EDT 2026:::
:::h2o Thu May  7 12:56:36 AM EDT 2026:::
:::Apache2 Thu May  7 12:56:40 AM EDT 2026:::
:::Lighttpd Thu May  7 12:56:43 AM EDT 2026:::
:::h2o Thu May  7 12:56:46 AM EDT 2026:::
:::Apache2 Thu May  7 12:56:49 AM EDT 2026:::
:::Lighttpd Thu May  7 12:56:52 AM EDT 2026:::
:::h2o Thu May  7 12:56:55 AM EDT 2026:::
:::Apache2 Thu May  7 12:56:58 AM EDT 2026:::
:::Lighttpd Thu May  7 12:57:01 AM EDT 2026:::
:::h2o Thu May  7 12:57:04 AM EDT 2026:::
:::Apache2 Thu May  7 12:57:07 AM EDT 2026:::
:::Lighttpd Thu May  7 12:57:10 AM EDT 2026:::
:::h2o Thu May  7 12:57:13 AM EDT 2026:::
:::Apache2 Thu May  7 12:57:16 AM EDT 2026:::
:::Lighttpd Thu May  7 12:57:19 AM EDT 2026:::
:::h2o Thu May  7 12:57:22 AM EDT 2026:::
:::Apache2 Thu May  7 12:57:25 AM EDT 2026:::
:::Lighttpd Thu May  7 12:57:28 AM EDT 2026:::
:::h2o Thu May  7 12:57:31 AM EDT 2026:::
:::Apache2 Thu May  7 12:57:34 AM EDT 2026:::
:::Lighttpd Thu May  7 12:57:37 AM EDT 2026:::
:::h2o Thu May  7 12:57:40 AM EDT 2026:::
:::Apache2 Thu May  7 12:57:43 AM EDT 2026:::
:::Lighttpd Thu May  7 12:57:46 AM EDT 2026:::
:::h2o Thu May  7 12:57:50 AM EDT 2026:::
:::Apache2 Thu May  7 12:57:53 AM EDT 2026:::
:::Lighttpd Thu May  7 12:57:56 AM EDT 2026:::
:::h2o Thu May  7 12:57:59 AM EDT 2026:::
:::Apache2 Thu May  7 12:58:02 AM EDT 2026:::
:::Lighttpd Thu May  7 12:58:05 AM EDT 2026:::
:::h2o Thu May  7 12:58:08 AM EDT 2026:::
:::Apache2 Thu May  7 12:58:11 AM EDT 2026:::
:::Lighttpd Thu May  7 12:58:14 AM EDT 2026:::
:::h2o Thu May  7 12:58:17 AM EDT 2026:::
:::Apache2 Thu May  7 12:58:20 AM EDT 2026:::
:::Lighttpd Thu May  7 12:58:23 AM EDT 2026:::
:::h2o Thu May  7 12:58:26 AM EDT 2026:::
:::Apache2 Thu May  7 12:58:29 AM EDT 2026:::
:::Lighttpd Thu May  7 12:58:32 AM EDT 2026:::
:::h2o Thu May  7 12:58:35 AM EDT 2026:::
:::Apache2 Thu May  7 12:58:38 AM EDT 2026:::
:::Lighttpd Thu May  7 12:58:41 AM EDT 2026:::
:::h2o Thu May  7 12:58:44 AM EDT 2026:::
:::Apache2 Thu May  7 12:58:47 AM EDT 2026:::
:::Lighttpd Thu May  7 12:58:50 AM EDT 2026:::
:::h2o Thu May  7 12:58:53 AM EDT 2026:::
:::Apache2 Thu May  7 12:58:56 AM EDT 2026:::
:::Lighttpd Thu May  7 12:58:59 AM EDT 2026:::
:::h2o Thu May  7 12:59:03 AM EDT 2026:::
:::Apache2 Thu May  7 12:59:06 AM EDT 2026:::
:::Lighttpd Thu May  7 12:59:09 AM EDT 2026:::
:::h2o Thu May  7 12:59:12 AM EDT 2026:::
:::Apache2 Thu May  7 12:59:15 AM EDT 2026:::
:::Lighttpd Thu May  7 12:59:18 AM EDT 2026:::
:::h2o Thu May  7 12:59:21 AM EDT 2026:::
:::Apache2 Thu May  7 12:59:24 AM EDT 2026:::
:::Lighttpd Thu May  7 12:59:27 AM EDT 2026:::
:::h2o Thu May  7 12:59:30 AM EDT 2026:::
:::Apache2 Thu May  7 12:59:33 AM EDT 2026:::
:::Lighttpd Thu May  7 12:59:36 AM EDT 2026:::
:::h2o Thu May  7 12:59:39 AM EDT 2026:::
:::Apache2 Thu May  7 12:59:42 AM EDT 2026:::
:::Lighttpd Thu May  7 12:59:45 AM EDT 2026:::
:::h2o Thu May  7 12:59:48 AM EDT 2026:::
:::Apache2 Thu May  7 12:59:51 AM EDT 2026:::
:::Lighttpd Thu May  7 12:59:54 AM EDT 2026:::
:::h2o Thu May  7 12:59:57 AM EDT 2026:::
:::Apache2 Thu May  7 01:00:00 AM EDT 2026:::
:::Lighttpd Thu May  7 01:00:03 AM EDT 2026:::
:::h2o Thu May  7 01:00:06 AM EDT 2026:::
:::Apache2 Thu May  7 01:00:09 AM EDT 2026:::
:::Lighttpd Thu May  7 01:00:12 AM EDT 2026:::
:::h2o Thu May  7 01:00:16 AM EDT 2026:::
:::Apache2 Thu May  7 01:00:19 AM EDT 2026:::
:::Lighttpd Thu May  7 01:00:22 AM EDT 2026:::
:::h2o Thu May  7 01:00:25 AM EDT 2026:::
:::Apache2 Thu May  7 01:00:28 AM EDT 2026:::
:::Lighttpd Thu May  7 01:00:31 AM EDT 2026:::
:::h2o Thu May  7 01:00:34 AM EDT 2026:::
:::Apache2 Thu May  7 01:00:37 AM EDT 2026:::
:::Lighttpd Thu May  7 01:00:40 AM EDT 2026:::
:::h2o Thu May  7 01:00:43 AM EDT 2026:::
:::Apache2 Thu May  7 01:00:46 AM EDT 2026:::
:::Lighttpd Thu May  7 01:00:49 AM EDT 2026:::
:::h2o Thu May  7 01:00:52 AM EDT 2026:::
:::Apache2 Thu May  7 01:00:55 AM EDT 2026:::
:::Lighttpd Thu May  7 01:00:58 AM EDT 2026:::
:::h2o Thu May  7 01:01:01 AM EDT 2026:::
:::Apache2 Thu May  7 01:01:04 AM EDT 2026:::
:::Lighttpd Thu May  7 01:01:07 AM EDT 2026:::
:::h2o Thu May  7 01:01:10 AM EDT 2026:::
:::Apache2 Thu May  7 01:01:13 AM EDT 2026:::
:::Lighttpd Thu May  7 01:01:16 AM EDT 2026:::
:::h2o Thu May  7 01:01:19 AM EDT 2026:::
:::Apache2 Thu May  7 01:01:22 AM EDT 2026:::
:::Lighttpd Thu May  7 01:01:25 AM EDT 2026:::
:::h2o Thu May  7 01:01:29 AM EDT 2026:::
:::Apache2 Thu May  7 01:01:32 AM EDT 2026:::
:::Lighttpd Thu May  7 01:01:35 AM EDT 2026:::
:::h2o Thu May  7 01:01:38 AM EDT 2026:::
:::Apache2 Thu May  7 01:01:41 AM EDT 2026:::
:::Lighttpd Thu May  7 01:01:44 AM EDT 2026:::
:::h2o Thu May  7 01:01:47 AM EDT 2026:::
:::Apache2 Thu May  7 01:01:50 AM EDT 2026:::
:::Lighttpd Thu May  7 01:01:53 AM EDT 2026:::
:::h2o Thu May  7 01:01:56 AM EDT 2026:::
:::Apache2 Thu May  7 01:01:59 AM EDT 2026:::
:::Lighttpd Thu May  7 01:02:02 AM EDT 2026:::
:::h2o Thu May  7 01:02:05 AM EDT 2026:::
:::Apache2 Thu May  7 01:02:08 AM EDT 2026:::
:::Lighttpd Thu May  7 01:02:11 AM EDT 2026:::
:::h2o Thu May  7 01:02:14 AM EDT 2026:::
:::Apache2 Thu May  7 01:02:17 AM EDT 2026:::
:::Lighttpd Thu May  7 01:02:20 AM EDT 2026:::
:::h2o Thu May  7 01:02:23 AM EDT 2026:::
:::Apache2 Thu May  7 01:02:26 AM EDT 2026:::
:::Lighttpd Thu May  7 01:02:29 AM EDT 2026:::
:::h2o Thu May  7 01:02:32 AM EDT 2026:::
:::Apache2 Thu May  7 01:02:35 AM EDT 2026:::
:::Lighttpd Thu May  7 01:02:39 AM EDT 2026:::
:::h2o Thu May  7 01:02:42 AM EDT 2026:::
:::Apache2 Thu May  7 01:02:45 AM EDT 2026:::
:::Lighttpd Thu May  7 01:02:48 AM EDT 2026:::
:::h2o Thu May  7 01:02:51 AM EDT 2026:::
:::Apache2 Thu May  7 01:02:54 AM EDT 2026:::
:::Lighttpd Thu May  7 01:02:57 AM EDT 2026:::
:::h2o Thu May  7 01:03:00 AM EDT 2026:::
:::Apache2 Thu May  7 01:03:03 AM EDT 2026:::
:::Lighttpd Thu May  7 01:03:06 AM EDT 2026:::
:::h2o Thu May  7 01:03:09 AM EDT 2026:::
:::Apache2 Thu May  7 01:03:12 AM EDT 2026:::
:::Lighttpd Thu May  7 01:03:15 AM EDT 2026:::
:::h2o Thu May  7 01:03:18 AM EDT 2026:::
:::Apache2 Thu May  7 01:03:21 AM EDT 2026:::
:::Lighttpd Thu May  7 01:03:24 AM EDT 2026:::
:::h2o Thu May  7 01:03:27 AM EDT 2026:::
:::Apache2 Thu May  7 01:03:30 AM EDT 2026:::
:::Lighttpd Thu May  7 01:03:33 AM EDT 2026:::
:::h2o Thu May  7 01:03:36 AM EDT 2026:::
:::Apache2 Thu May  7 01:03:39 AM EDT 2026:::
:::Lighttpd Thu May  7 01:03:42 AM EDT 2026:::
:::h2o Thu May  7 01:03:45 AM EDT 2026:::
:::Apache2 Thu May  7 01:03:48 AM EDT 2026:::
:::Lighttpd Thu May  7 01:03:52 AM EDT 2026:::
:::h2o Thu May  7 01:03:55 AM EDT 2026:::
:::Apache2 Thu May  7 01:03:58 AM EDT 2026:::
:::Lighttpd Thu May  7 01:04:01 AM EDT 2026:::
:::h2o Thu May  7 01:04:04 AM EDT 2026:::
:::Apache2 Thu May  7 01:04:07 AM EDT 2026:::
:::Lighttpd Thu May  7 01:04:10 AM EDT 2026:::
:::h2o Thu May  7 01:04:13 AM EDT 2026:::
:::Apache2 Thu May  7 01:04:16 AM EDT 2026:::
:::Lighttpd Thu May  7 01:04:19 AM EDT 2026:::
:::h2o Thu May  7 01:04:22 AM EDT 2026:::
:::Apache2 Thu May  7 01:04:25 AM EDT 2026:::
:::Lighttpd Thu May  7 01:04:28 AM EDT 2026:::
:::h2o Thu May  7 01:04:31 AM EDT 2026:::
:::Apache2 Thu May  7 01:04:34 AM EDT 2026:::
:::Lighttpd Thu May  7 01:04:37 AM EDT 2026:::
:::h2o Thu May  7 01:04:40 AM EDT 2026:::
:::Apache2 Thu May  7 01:04:43 AM EDT 2026:::
:::Lighttpd Thu May  7 01:04:46 AM EDT 2026:::
:::h2o Thu May  7 01:04:49 AM EDT 2026:::
:::Apache2 Thu May  7 01:04:52 AM EDT 2026:::
:::Lighttpd Thu May  7 01:04:55 AM EDT 2026:::
:::h2o Thu May  7 01:04:58 AM EDT 2026:::
:::Apache2 Thu May  7 01:05:02 AM EDT 2026:::
:::Lighttpd Thu May  7 01:05:05 AM EDT 2026:::
:::h2o Thu May  7 01:05:08 AM EDT 2026:::
:::Apache2 Thu May  7 01:05:11 AM EDT 2026:::
:::Lighttpd Thu May  7 01:05:14 AM EDT 2026:::
:::h2o Thu May  7 01:05:17 AM EDT 2026:::
:::Apache2 Thu May  7 01:05:20 AM EDT 2026:::
:::Lighttpd Thu May  7 01:05:23 AM EDT 2026:::
:::h2o Thu May  7 01:05:26 AM EDT 2026:::
:::Apache2 Thu May  7 01:05:29 AM EDT 2026:::
:::Lighttpd Thu May  7 01:05:32 AM EDT 2026:::
:::h2o Thu May  7 01:05:35 AM EDT 2026:::
:::Apache2 Thu May  7 01:05:38 AM EDT 2026:::
:::Lighttpd Thu May  7 01:05:41 AM EDT 2026:::
:::h2o Thu May  7 01:05:44 AM EDT 2026:::
:::Apache2 Thu May  7 01:05:47 AM EDT 2026:::
:::Lighttpd Thu May  7 01:05:50 AM EDT 2026:::
:::h2o Thu May  7 01:05:53 AM EDT 2026:::
:::Apache2 Thu May  7 01:05:56 AM EDT 2026:::
:::Lighttpd Thu May  7 01:05:59 AM EDT 2026:::
:::h2o Thu May  7 01:06:02 AM EDT 2026:::
:::Apache2 Thu May  7 01:06:05 AM EDT 2026:::
:::Lighttpd Thu May  7 01:06:08 AM EDT 2026:::
:::h2o Thu May  7 01:06:11 AM EDT 2026:::
:::Apache2 Thu May  7 01:06:15 AM EDT 2026:::
:::Lighttpd Thu May  7 01:06:18 AM EDT 2026:::
:::h2o Thu May  7 01:06:21 AM EDT 2026:::
:::Apache2 Thu May  7 01:06:24 AM EDT 2026:::
:::Lighttpd Thu May  7 01:06:27 AM EDT 2026:::
:::h2o Thu May  7 01:06:30 AM EDT 2026:::
:::Apache2 Thu May  7 01:06:33 AM EDT 2026:::
:::Lighttpd Thu May  7 01:06:36 AM EDT 2026:::
:::h2o Thu May  7 01:06:39 AM EDT 2026:::
:::Apache2 Thu May  7 01:06:42 AM EDT 2026:::
:::Lighttpd Thu May  7 01:06:45 AM EDT 2026:::
:::h2o Thu May  7 01:06:48 AM EDT 2026:::
:::Apache2 Thu May  7 01:06:51 AM EDT 2026:::
:::Lighttpd Thu May  7 01:06:54 AM EDT 2026:::
:::h2o Thu May  7 01:06:57 AM EDT 2026:::
:::Apache2 Thu May  7 01:07:00 AM EDT 2026:::
:::Lighttpd Thu May  7 01:07:03 AM EDT 2026:::
:::h2o Thu May  7 01:07:06 AM EDT 2026:::
:::Apache2 Thu May  7 01:07:09 AM EDT 2026:::
:::Lighttpd Thu May  7 01:07:12 AM EDT 2026:::
:::h2o Thu May  7 01:07:15 AM EDT 2026:::
:::Apache2 Thu May  7 01:07:18 AM EDT 2026:::
:::Lighttpd Thu May  7 01:07:22 AM EDT 2026:::
:::h2o Thu May  7 01:07:25 AM EDT 2026:::
:::Apache2 Thu May  7 01:07:28 AM EDT 2026:::
:::Lighttpd Thu May  7 01:07:31 AM EDT 2026:::
:::h2o Thu May  7 01:07:34 AM EDT 2026:::
:::Apache2 Thu May  7 01:07:37 AM EDT 2026:::
:::Lighttpd Thu May  7 01:07:40 AM EDT 2026:::
:::h2o Thu May  7 01:07:43 AM EDT 2026:::
:::Apache2 Thu May  7 01:07:46 AM EDT 2026:::
:::Lighttpd Thu May  7 01:07:49 AM EDT 2026:::
:::h2o Thu May  7 01:07:52 AM EDT 2026:::
:::Apache2 Thu May  7 01:07:55 AM EDT 2026:::
:::Lighttpd Thu May  7 01:07:58 AM EDT 2026:::
:::h2o Thu May  7 01:08:01 AM EDT 2026:::
:::Apache2 Thu May  7 01:08:04 AM EDT 2026:::
:::Lighttpd Thu May  7 01:08:07 AM EDT 2026:::
:::h2o Thu May  7 01:08:10 AM EDT 2026:::
:::Apache2 Thu May  7 01:08:13 AM EDT 2026:::
:::Lighttpd Thu May  7 01:08:16 AM EDT 2026:::
:::h2o Thu May  7 01:08:19 AM EDT 2026:::
:::Apache2 Thu May  7 01:08:22 AM EDT 2026:::
:::Lighttpd Thu May  7 01:08:25 AM EDT 2026:::
:::h2o Thu May  7 01:08:28 AM EDT 2026:::
:::Apache2 Thu May  7 01:08:31 AM EDT 2026:::
:::Lighttpd Thu May  7 01:08:35 AM EDT 2026:::
:::h2o Thu May  7 01:08:38 AM EDT 2026:::
:::Apache2 Thu May  7 01:08:41 AM EDT 2026:::
:::Lighttpd Thu May  7 01:08:44 AM EDT 2026:::
:::h2o Thu May  7 01:08:47 AM EDT 2026:::
:::Apache2 Thu May  7 01:08:50 AM EDT 2026:::
:::Lighttpd Thu May  7 01:08:53 AM EDT 2026:::
:::h2o Thu May  7 01:08:56 AM EDT 2026:::
:::Apache2 Thu May  7 01:08:59 AM EDT 2026:::
:::Lighttpd Thu May  7 01:09:02 AM EDT 2026:::
:::h2o Thu May  7 01:09:05 AM EDT 2026:::
:::Apache2 Thu May  7 01:09:08 AM EDT 2026:::
:::Lighttpd Thu May  7 01:09:11 AM EDT 2026:::
:::h2o Thu May  7 01:09:14 AM EDT 2026:::
:::Apache2 Thu May  7 01:09:17 AM EDT 2026:::
:::Lighttpd Thu May  7 01:09:20 AM EDT 2026:::
:::h2o Thu May  7 01:09:23 AM EDT 2026:::
:::Apache2 Thu May  7 01:09:26 AM EDT 2026:::
:::Lighttpd Thu May  7 01:09:29 AM EDT 2026:::
:::h2o Thu May  7 01:09:32 AM EDT 2026:::
:::Apache2 Thu May  7 01:09:35 AM EDT 2026:::
:::Lighttpd Thu May  7 01:09:38 AM EDT 2026:::
:::h2o Thu May  7 01:09:41 AM EDT 2026:::
:::Apache2 Thu May  7 01:09:45 AM EDT 2026:::
:::Lighttpd Thu May  7 01:09:48 AM EDT 2026:::
:::h2o Thu May  7 01:09:51 AM EDT 2026:::
:::Apache2 Thu May  7 01:09:54 AM EDT 2026:::
:::Lighttpd Thu May  7 01:09:57 AM EDT 2026:::
:::h2o Thu May  7 01:10:00 AM EDT 2026:::
:::Apache2 Thu May  7 01:10:03 AM EDT 2026:::
:::Lighttpd Thu May  7 01:10:06 AM EDT 2026:::
:::h2o Thu May  7 01:10:09 AM EDT 2026:::
:::Apache2 Thu May  7 01:10:12 AM EDT 2026:::
:::Lighttpd Thu May  7 01:10:15 AM EDT 2026:::
:::h2o Thu May  7 01:10:18 AM EDT 2026:::
:::Apache2 Thu May  7 01:10:21 AM EDT 2026:::
:::Lighttpd Thu May  7 01:10:24 AM EDT 2026:::
:::h2o Thu May  7 01:10:27 AM EDT 2026:::
:::Apache2 Thu May  7 01:10:30 AM EDT 2026:::
:::Lighttpd Thu May  7 01:10:33 AM EDT 2026:::
:::h2o Thu May  7 01:10:36 AM EDT 2026:::
:::Apache2 Thu May  7 01:10:39 AM EDT 2026:::
:::Lighttpd Thu May  7 01:10:42 AM EDT 2026:::
:::h2o Thu May  7 01:10:45 AM EDT 2026:::
:::Apache2 Thu May  7 01:10:48 AM EDT 2026:::
:::Lighttpd Thu May  7 01:10:51 AM EDT 2026:::
:::h2o Thu May  7 01:10:54 AM EDT 2026:::
:::Apache2 Thu May  7 01:10:58 AM EDT 2026:::
:::Lighttpd Thu May  7 01:11:01 AM EDT 2026:::
:::h2o Thu May  7 01:11:04 AM EDT 2026:::
:::Apache2 Thu May  7 01:11:07 AM EDT 2026:::
:::Lighttpd Thu May  7 01:11:10 AM EDT 2026:::
:::h2o Thu May  7 01:11:13 AM EDT 2026:::
:::Apache2 Thu May  7 01:11:16 AM EDT 2026:::
:::Lighttpd Thu May  7 01:11:19 AM EDT 2026:::
:::h2o Thu May  7 01:11:22 AM EDT 2026:::
:::Apache2 Thu May  7 01:11:25 AM EDT 2026:::
:::Lighttpd Thu May  7 01:11:28 AM EDT 2026:::
:::h2o Thu May  7 01:11:31 AM EDT 2026:::
:::Apache2 Thu May  7 01:11:34 AM EDT 2026:::
:::Lighttpd Thu May  7 01:11:37 AM EDT 2026:::
:::h2o Thu May  7 01:11:40 AM EDT 2026:::
:::Apache2 Thu May  7 01:11:43 AM EDT 2026:::
:::Lighttpd Thu May  7 01:11:46 AM EDT 2026:::
:::h2o Thu May  7 01:11:49 AM EDT 2026:::
:::Apache2 Thu May  7 01:11:52 AM EDT 2026:::
:::Lighttpd Thu May  7 01:11:55 AM EDT 2026:::
:::h2o Thu May  7 01:11:58 AM EDT 2026:::
:::Apache2 Thu May  7 01:12:01 AM EDT 2026:::
:::Lighttpd Thu May  7 01:12:04 AM EDT 2026:::
:::h2o Thu May  7 01:12:08 AM EDT 2026:::
:::Apache2 Thu May  7 01:12:11 AM EDT 2026:::
:::Lighttpd Thu May  7 01:12:14 AM EDT 2026:::
:::h2o Thu May  7 01:12:17 AM EDT 2026:::
:::Apache2 Thu May  7 01:12:20 AM EDT 2026:::
:::Lighttpd Thu May  7 01:12:23 AM EDT 2026:::
:::h2o Thu May  7 01:12:26 AM EDT 2026:::
:::Apache2 Thu May  7 01:12:29 AM EDT 2026:::
:::Lighttpd Thu May  7 01:12:32 AM EDT 2026:::
:::h2o Thu May  7 01:12:35 AM EDT 2026:::
:::Apache2 Thu May  7 01:12:38 AM EDT 2026:::
:::Lighttpd Thu May  7 01:12:41 AM EDT 2026:::
:::h2o Thu May  7 01:12:44 AM EDT 2026:::
:::Apache2 Thu May  7 01:12:47 AM EDT 2026:::
:::Lighttpd Thu May  7 01:12:50 AM EDT 2026:::
:::h2o Thu May  7 01:12:53 AM EDT 2026:::
:::Apache2 Thu May  7 01:12:56 AM EDT 2026:::
:::Lighttpd Thu May  7 01:12:59 AM EDT 2026:::
:::h2o Thu May  7 01:13:02 AM EDT 2026:::
:::Apache2 Thu May  7 01:13:05 AM EDT 2026:::
:::Lighttpd Thu May  7 01:13:08 AM EDT 2026:::
:::h2o Thu May  7 01:13:11 AM EDT 2026:::
:::Apache2 Thu May  7 01:13:14 AM EDT 2026:::
:::Lighttpd Thu May  7 01:13:17 AM EDT 2026:::
:::h2o Thu May  7 01:13:21 AM EDT 2026:::
:::Apache2 Thu May  7 01:13:24 AM EDT 2026:::
:::Lighttpd Thu May  7 01:13:27 AM EDT 2026:::
:::h2o Thu May  7 01:13:30 AM EDT 2026:::
:::Apache2 Thu May  7 01:13:33 AM EDT 2026:::
:::Lighttpd Thu May  7 01:13:36 AM EDT 2026:::
:::h2o Thu May  7 01:13:39 AM EDT 2026:::
:::Apache2 Thu May  7 01:13:42 AM EDT 2026:::
:::Lighttpd Thu May  7 01:13:45 AM EDT 2026:::
:::h2o Thu May  7 01:13:48 AM EDT 2026:::
:::Apache2 Thu May  7 01:13:51 AM EDT 2026:::
:::Lighttpd Thu May  7 01:13:54 AM EDT 2026:::
:::h2o Thu May  7 01:13:57 AM EDT 2026:::
:::Apache2 Thu May  7 01:14:00 AM EDT 2026:::
:::Lighttpd Thu May  7 01:14:03 AM EDT 2026:::
:::h2o Thu May  7 01:14:06 AM EDT 2026:::
:::Apache2 Thu May  7 01:14:09 AM EDT 2026:::
:::Lighttpd Thu May  7 01:14:12 AM EDT 2026:::
:::h2o Thu May  7 01:14:15 AM EDT 2026:::
:::Apache2 Thu May  7 01:14:18 AM EDT 2026:::
:::Lighttpd Thu May  7 01:14:21 AM EDT 2026:::
:::h2o Thu May  7 01:14:24 AM EDT 2026:::
:::Apache2 Thu May  7 01:14:27 AM EDT 2026:::
:::Lighttpd Thu May  7 01:14:30 AM EDT 2026:::
:::h2o Thu May  7 01:14:34 AM EDT 2026:::
:::Apache2 Thu May  7 01:14:37 AM EDT 2026:::
:::Lighttpd Thu May  7 01:14:40 AM EDT 2026:::
:::h2o Thu May  7 01:14:43 AM EDT 2026:::
:::Apache2 Thu May  7 01:14:46 AM EDT 2026:::
:::Lighttpd Thu May  7 01:14:49 AM EDT 2026:::
:::h2o Thu May  7 01:14:52 AM EDT 2026:::
:::Apache2 Thu May  7 01:14:55 AM EDT 2026:::
:::Lighttpd Thu May  7 01:14:58 AM EDT 2026:::
:::h2o Thu May  7 01:15:01 AM EDT 2026:::
:::Apache2 Thu May  7 01:15:04 AM EDT 2026:::
:::Lighttpd Thu May  7 01:15:07 AM EDT 2026:::
:::h2o Thu May  7 01:15:10 AM EDT 2026:::
:::Apache2 Thu May  7 01:15:13 AM EDT 2026:::
:::Lighttpd Thu May  7 01:15:16 AM EDT 2026:::
:::h2o Thu May  7 01:15:19 AM EDT 2026:::
:::Apache2 Thu May  7 01:15:22 AM EDT 2026:::
:::Lighttpd Thu May  7 01:15:25 AM EDT 2026:::
:::h2o Thu May  7 01:15:28 AM EDT 2026:::
:::Apache2 Thu May  7 01:15:31 AM EDT 2026:::
:::Lighttpd Thu May  7 01:15:34 AM EDT 2026:::
:::h2o Thu May  7 01:15:37 AM EDT 2026:::
:::Apache2 Thu May  7 01:15:40 AM EDT 2026:::
:::Lighttpd Thu May  7 01:15:43 AM EDT 2026:::
:::h2o Thu May  7 01:15:47 AM EDT 2026:::
:::Apache2 Thu May  7 01:15:50 AM EDT 2026:::
:::Lighttpd Thu May  7 01:15:53 AM EDT 2026:::
:::h2o Thu May  7 01:15:56 AM EDT 2026:::
:::Apache2 Thu May  7 01:15:59 AM EDT 2026:::
:::Lighttpd Thu May  7 01:16:02 AM EDT 2026:::
:::h2o Thu May  7 01:16:05 AM EDT 2026:::
:::Apache2 Thu May  7 01:16:08 AM EDT 2026:::
:::Lighttpd Thu May  7 01:16:11 AM EDT 2026:::
:::h2o Thu May  7 01:16:14 AM EDT 2026:::
:::Apache2 Thu May  7 01:16:17 AM EDT 2026:::
:::Lighttpd Thu May  7 01:16:20 AM EDT 2026:::
:::h2o Thu May  7 01:16:23 AM EDT 2026:::
:::Apache2 Thu May  7 01:16:26 AM EDT 2026:::
:::Lighttpd Thu May  7 01:16:29 AM EDT 2026:::
:::h2o Thu May  7 01:16:32 AM EDT 2026:::
:::Apache2 Thu May  7 01:16:35 AM EDT 2026:::
:::Lighttpd Thu May  7 01:16:38 AM EDT 2026:::
:::h2o Thu May  7 01:16:41 AM EDT 2026:::
:::Apache2 Thu May  7 01:16:44 AM EDT 2026:::
:::Lighttpd Thu May  7 01:16:47 AM EDT 2026:::
:::h2o Thu May  7 01:16:50 AM EDT 2026:::
:::Apache2 Thu May  7 01:16:53 AM EDT 2026:::
:::Lighttpd Thu May  7 01:16:57 AM EDT 2026:::
:::h2o Thu May  7 01:17:00 AM EDT 2026:::
:::Apache2 Thu May  7 01:17:03 AM EDT 2026:::
:::Lighttpd Thu May  7 01:17:06 AM EDT 2026:::
:::h2o Thu May  7 01:17:09 AM EDT 2026:::
:::Apache2 Thu May  7 01:17:12 AM EDT 2026:::
:::Lighttpd Thu May  7 01:17:15 AM EDT 2026:::
:::h2o Thu May  7 01:17:18 AM EDT 2026:::
:::Apache2 Thu May  7 01:17:21 AM EDT 2026:::
:::Lighttpd Thu May  7 01:17:24 AM EDT 2026:::
:::h2o Thu May  7 01:17:27 AM EDT 2026:::
:::Apache2 Thu May  7 01:17:30 AM EDT 2026:::
:::Lighttpd Thu May  7 01:17:33 AM EDT 2026:::
:::h2o Thu May  7 01:17:36 AM EDT 2026:::
:::Apache2 Thu May  7 01:17:39 AM EDT 2026:::
:::Lighttpd Thu May  7 01:17:42 AM EDT 2026:::
:::h2o Thu May  7 01:17:45 AM EDT 2026:::
:::Apache2 Thu May  7 01:17:48 AM EDT 2026:::
:::Lighttpd Thu May  7 01:17:51 AM EDT 2026:::
:::h2o Thu May  7 01:17:54 AM EDT 2026:::
:::Apache2 Thu May  7 01:17:57 AM EDT 2026:::
:::Lighttpd Thu May  7 01:18:00 AM EDT 2026:::
:::h2o Thu May  7 01:18:03 AM EDT 2026:::
:::Apache2 Thu May  7 01:18:07 AM EDT 2026:::
:::Lighttpd Thu May  7 01:18:10 AM EDT 2026:::
:::h2o Thu May  7 01:18:13 AM EDT 2026:::
:::Apache2 Thu May  7 01:18:16 AM EDT 2026:::
:::Lighttpd Thu May  7 01:18:19 AM EDT 2026:::
:::h2o Thu May  7 01:18:22 AM EDT 2026:::
:::Apache2 Thu May  7 01:18:25 AM EDT 2026:::
:::Lighttpd Thu May  7 01:18:28 AM EDT 2026:::
:::h2o Thu May  7 01:18:31 AM EDT 2026:::
:::Apache2 Thu May  7 01:18:34 AM EDT 2026:::
:::Lighttpd Thu May  7 01:18:37 AM EDT 2026:::
:::h2o Thu May  7 01:18:40 AM EDT 2026:::
:::Apache2 Thu May  7 01:18:43 AM EDT 2026:::
:::Lighttpd Thu May  7 01:18:46 AM EDT 2026:::
:::h2o Thu May  7 01:18:49 AM EDT 2026:::
:::Apache2 Thu May  7 01:18:52 AM EDT 2026:::
:::Lighttpd Thu May  7 01:18:55 AM EDT 2026:::
:::h2o Thu May  7 01:18:58 AM EDT 2026:::
:::Apache2 Thu May  7 01:19:01 AM EDT 2026:::
:::Lighttpd Thu May  7 01:19:04 AM EDT 2026:::
:::h2o Thu May  7 01:19:07 AM EDT 2026:::
:::Apache2 Thu May  7 01:19:10 AM EDT 2026:::
:::Lighttpd Thu May  7 01:19:13 AM EDT 2026:::
:::h2o Thu May  7 01:19:17 AM EDT 2026:::
:::Apache2 Thu May  7 01:19:20 AM EDT 2026:::
:::Lighttpd Thu May  7 01:19:23 AM EDT 2026:::
:::h2o Thu May  7 01:19:26 AM EDT 2026:::
:::Apache2 Thu May  7 01:19:29 AM EDT 2026:::
:::Lighttpd Thu May  7 01:19:32 AM EDT 2026:::
:::h2o Thu May  7 01:19:35 AM EDT 2026:::
:::Apache2 Thu May  7 01:19:38 AM EDT 2026:::
:::Lighttpd Thu May  7 01:19:41 AM EDT 2026:::
:::h2o Thu May  7 01:19:44 AM EDT 2026:::
:::Apache2 Thu May  7 01:19:47 AM EDT 2026:::
:::Lighttpd Thu May  7 01:19:50 AM EDT 2026:::
:::h2o Thu May  7 01:19:53 AM EDT 2026:::
:::Apache2 Thu May  7 01:19:56 AM EDT 2026:::
:::Lighttpd Thu May  7 01:19:59 AM EDT 2026:::
:::h2o Thu May  7 01:20:02 AM EDT 2026:::
:::Apache2 Thu May  7 01:20:05 AM EDT 2026:::
:::Lighttpd Thu May  7 01:20:08 AM EDT 2026:::
:::h2o Thu May  7 01:20:11 AM EDT 2026:::
:::Apache2 Thu May  7 01:20:14 AM EDT 2026:::
:::Lighttpd Thu May  7 01:20:17 AM EDT 2026:::
:::h2o Thu May  7 01:20:20 AM EDT 2026:::
:::Apache2 Thu May  7 01:20:23 AM EDT 2026:::
:::Lighttpd Thu May  7 01:20:26 AM EDT 2026:::
:::h2o Thu May  7 01:20:30 AM EDT 2026:::
:::Apache2 Thu May  7 01:20:33 AM EDT 2026:::
:::Lighttpd Thu May  7 01:20:36 AM EDT 2026:::
:::h2o Thu May  7 01:20:39 AM EDT 2026:::
:::Apache2 Thu May  7 01:20:42 AM EDT 2026:::
:::Lighttpd Thu May  7 01:20:45 AM EDT 2026:::
:::h2o Thu May  7 01:20:48 AM EDT 2026:::
:::Apache2 Thu May  7 01:20:51 AM EDT 2026:::
:::Lighttpd Thu May  7 01:20:54 AM EDT 2026:::
:::h2o Thu May  7 01:20:57 AM EDT 2026:::
:::Apache2 Thu May  7 01:21:00 AM EDT 2026:::
:::Lighttpd Thu May  7 01:21:03 AM EDT 2026:::
:::h2o Thu May  7 01:21:06 AM EDT 2026:::
:::Apache2 Thu May  7 01:21:09 AM EDT 2026:::
:::Lighttpd Thu May  7 01:21:12 AM EDT 2026:::
:::h2o Thu May  7 01:21:15 AM EDT 2026:::
:::Apache2 Thu May  7 01:21:18 AM EDT 2026:::
:::Lighttpd Thu May  7 01:21:21 AM EDT 2026:::
:::h2o Thu May  7 01:21:24 AM EDT 2026:::
:::Apache2 Thu May  7 01:21:27 AM EDT 2026:::
:::Lighttpd Thu May  7 01:21:30 AM EDT 2026:::
:::h2o Thu May  7 01:21:33 AM EDT 2026:::
:::Apache2 Thu May  7 01:21:36 AM EDT 2026:::
:::Lighttpd Thu May  7 01:21:39 AM EDT 2026:::
:::h2o Thu May  7 01:21:43 AM EDT 2026:::
:::Apache2 Thu May  7 01:21:46 AM EDT 2026:::
:::Lighttpd Thu May  7 01:21:49 AM EDT 2026:::
:::h2o Thu May  7 01:21:52 AM EDT 2026:::
:::Apache2 Thu May  7 01:21:55 AM EDT 2026:::
:::Lighttpd Thu May  7 01:21:58 AM EDT 2026:::
:::h2o Thu May  7 01:22:01 AM EDT 2026:::
:::Apache2 Thu May  7 01:22:04 AM EDT 2026:::
:::Lighttpd Thu May  7 01:22:07 AM EDT 2026:::
:::h2o Thu May  7 01:22:10 AM EDT 2026:::
:::Apache2 Thu May  7 01:22:13 AM EDT 2026:::
:::Lighttpd Thu May  7 01:22:16 AM EDT 2026:::
:::h2o Thu May  7 01:22:19 AM EDT 2026:::
:::Apache2 Thu May  7 01:22:22 AM EDT 2026:::
:::Lighttpd Thu May  7 01:22:25 AM EDT 2026:::
:::h2o Thu May  7 01:22:28 AM EDT 2026:::
:::Apache2 Thu May  7 01:22:31 AM EDT 2026:::
:::Lighttpd Thu May  7 01:22:34 AM EDT 2026:::
:::h2o Thu May  7 01:22:37 AM EDT 2026:::
:::Apache2 Thu May  7 01:22:40 AM EDT 2026:::
:::Lighttpd Thu May  7 01:22:43 AM EDT 2026:::
:::h2o Thu May  7 01:22:46 AM EDT 2026:::
:::Apache2 Thu May  7 01:22:49 AM EDT 2026:::
:::Lighttpd Thu May  7 01:22:53 AM EDT 2026:::
:::h2o Thu May  7 01:22:56 AM EDT 2026:::
:::Apache2 Thu May  7 01:22:59 AM EDT 2026:::
:::Lighttpd Thu May  7 01:23:02 AM EDT 2026:::
:::h2o Thu May  7 01:23:05 AM EDT 2026:::
:::Apache2 Thu May  7 01:23:08 AM EDT 2026:::
:::Lighttpd Thu May  7 01:23:11 AM EDT 2026:::
:::h2o Thu May  7 01:23:14 AM EDT 2026:::
:::Apache2 Thu May  7 01:23:17 AM EDT 2026:::
:::Lighttpd Thu May  7 01:23:20 AM EDT 2026:::
:::h2o Thu May  7 01:23:23 AM EDT 2026:::
:::Apache2 Thu May  7 01:23:26 AM EDT 2026:::
:::Lighttpd Thu May  7 01:23:29 AM EDT 2026:::
:::h2o Thu May  7 01:23:32 AM EDT 2026:::
:::Apache2 Thu May  7 01:23:35 AM EDT 2026:::
:::Lighttpd Thu May  7 01:23:38 AM EDT 2026:::
:::h2o Thu May  7 01:23:41 AM EDT 2026:::
:::Apache2 Thu May  7 01:23:44 AM EDT 2026:::
:::Lighttpd Thu May  7 01:23:47 AM EDT 2026:::
:::h2o Thu May  7 01:23:50 AM EDT 2026:::
:::Apache2 Thu May  7 01:23:53 AM EDT 2026:::
:::Lighttpd Thu May  7 01:23:56 AM EDT 2026:::
:::h2o Thu May  7 01:23:59 AM EDT 2026:::
:::Apache2 Thu May  7 01:24:03 AM EDT 2026:::
:::Lighttpd Thu May  7 01:24:06 AM EDT 2026:::
:::h2o Thu May  7 01:24:09 AM EDT 2026:::
:::Apache2 Thu May  7 01:24:12 AM EDT 2026:::
:::Lighttpd Thu May  7 01:24:15 AM EDT 2026:::
:::h2o Thu May  7 01:24:18 AM EDT 2026:::
:::Apache2 Thu May  7 01:24:21 AM EDT 2026:::
:::Lighttpd Thu May  7 01:24:24 AM EDT 2026:::
:::h2o Thu May  7 01:24:27 AM EDT 2026:::
:::Apache2 Thu May  7 01:24:30 AM EDT 2026:::
:::Lighttpd Thu May  7 01:24:33 AM EDT 2026:::
:::h2o Thu May  7 01:24:36 AM EDT 2026:::
:::Apache2 Thu May  7 01:24:39 AM EDT 2026:::
:::Lighttpd Thu May  7 01:24:42 AM EDT 2026:::
:::h2o Thu May  7 01:24:45 AM EDT 2026:::
:::Apache2 Thu May  7 01:24:48 AM EDT 2026:::
:::Lighttpd Thu May  7 01:24:51 AM EDT 2026:::
:::h2o Thu May  7 01:24:54 AM EDT 2026:::
:::Apache2 Thu May  7 01:24:57 AM EDT 2026:::
:::Lighttpd Thu May  7 01:25:00 AM EDT 2026:::
:::h2o Thu May  7 01:25:03 AM EDT 2026:::
:::Apache2 Thu May  7 01:25:06 AM EDT 2026:::
:::Lighttpd Thu May  7 01:25:09 AM EDT 2026:::
:::h2o Thu May  7 01:25:13 AM EDT 2026:::
:::Apache2 Thu May  7 01:25:16 AM EDT 2026:::
:::Lighttpd Thu May  7 01:25:19 AM EDT 2026:::
:::h2o Thu May  7 01:25:22 AM EDT 2026:::
:::Apache2 Thu May  7 01:25:25 AM EDT 2026:::
:::Lighttpd Thu May  7 01:25:28 AM EDT 2026:::
:::h2o Thu May  7 01:25:31 AM EDT 2026:::
:::Apache2 Thu May  7 01:25:34 AM EDT 2026:::
:::Lighttpd Thu May  7 01:25:37 AM EDT 2026:::
:::h2o Thu May  7 01:25:40 AM EDT 2026:::
:::Apache2 Thu May  7 01:25:43 AM EDT 2026:::
:::Lighttpd Thu May  7 01:25:46 AM EDT 2026:::
:::h2o Thu May  7 01:25:49 AM EDT 2026:::
:::Apache2 Thu May  7 01:25:52 AM EDT 2026:::
:::Lighttpd Thu May  7 01:25:55 AM EDT 2026:::
:::h2o Thu May  7 01:25:58 AM EDT 2026:::
:::Apache2 Thu May  7 01:26:01 AM EDT 2026:::
:::Lighttpd Thu May  7 01:26:04 AM EDT 2026:::
:::h2o Thu May  7 01:26:07 AM EDT 2026:::
:::Apache2 Thu May  7 01:26:10 AM EDT 2026:::
:::Lighttpd Thu May  7 01:26:13 AM EDT 2026:::
:::h2o Thu May  7 01:26:16 AM EDT 2026:::
:::Apache2 Thu May  7 01:26:19 AM EDT 2026:::
:::Lighttpd Thu May  7 01:26:22 AM EDT 2026:::
:::h2o Thu May  7 01:26:26 AM EDT 2026:::
:::Apache2 Thu May  7 01:26:29 AM EDT 2026:::
:::Lighttpd Thu May  7 01:26:32 AM EDT 2026:::
2026-05-07 01:26:31: (h1.c.441) unexpected TLS ClientHello on clear port (69.5.169.171)
:::h2o Thu May  7 01:26:35 AM EDT 2026:::
:::Apache2 Thu May  7 01:26:38 AM EDT 2026:::
:::Lighttpd Thu May  7 01:26:41 AM EDT 2026:::
:::h2o Thu May  7 01:26:44 AM EDT 2026:::
:::Apache2 Thu May  7 01:26:47 AM EDT 2026:::
:::Lighttpd Thu May  7 01:26:50 AM EDT 2026:::
:::h2o Thu May  7 01:26:53 AM EDT 2026:::
:::Apache2 Thu May  7 01:26:56 AM EDT 2026:::
:::Lighttpd Thu May  7 01:26:59 AM EDT 2026:::
:::h2o Thu May  7 01:27:02 AM EDT 2026:::
:::Apache2 Thu May  7 01:27:05 AM EDT 2026:::
:::Lighttpd Thu May  7 01:27:08 AM EDT 2026:::
:::h2o Thu May  7 01:27:11 AM EDT 2026:::
:::Apache2 Thu May  7 01:27:14 AM EDT 2026:::
:::Lighttpd Thu May  7 01:27:17 AM EDT 2026:::
:::h2o Thu May  7 01:27:20 AM EDT 2026:::
:::Apache2 Thu May  7 01:27:23 AM EDT 2026:::
:::Lighttpd Thu May  7 01:27:26 AM EDT 2026:::
:::h2o Thu May  7 01:27:29 AM EDT 2026:::
:::Apache2 Thu May  7 01:27:32 AM EDT 2026:::
:::Lighttpd Thu May  7 01:27:35 AM EDT 2026:::
:::h2o Thu May  7 01:27:39 AM EDT 2026:::
:::Apache2 Thu May  7 01:27:42 AM EDT 2026:::
:::Lighttpd Thu May  7 01:27:45 AM EDT 2026:::
:::h2o Thu May  7 01:27:48 AM EDT 2026:::
:::Apache2 Thu May  7 01:27:51 AM EDT 2026:::
:::Lighttpd Thu May  7 01:27:54 AM EDT 2026:::
:::h2o Thu May  7 01:27:57 AM EDT 2026:::
:::Apache2 Thu May  7 01:28:00 AM EDT 2026:::
:::Lighttpd Thu May  7 01:28:03 AM EDT 2026:::
:::h2o Thu May  7 01:28:06 AM EDT 2026:::
:::Apache2 Thu May  7 01:28:09 AM EDT 2026:::
:::Lighttpd Thu May  7 01:28:12 AM EDT 2026:::
:::h2o Thu May  7 01:28:15 AM EDT 2026:::
:::Apache2 Thu May  7 01:28:18 AM EDT 2026:::
:::Lighttpd Thu May  7 01:28:21 AM EDT 2026:::
:::h2o Thu May  7 01:28:24 AM EDT 2026:::
:::Apache2 Thu May  7 01:28:27 AM EDT 2026:::
:::Lighttpd Thu May  7 01:28:30 AM EDT 2026:::
:::h2o Thu May  7 01:28:33 AM EDT 2026:::
:::Apache2 Thu May  7 01:28:36 AM EDT 2026:::
:::Lighttpd Thu May  7 01:28:39 AM EDT 2026:::
:::h2o Thu May  7 01:28:42 AM EDT 2026:::
:::Apache2 Thu May  7 01:28:45 AM EDT 2026:::
:::Lighttpd Thu May  7 01:28:48 AM EDT 2026:::
:::h2o Thu May  7 01:28:52 AM EDT 2026:::
:::Apache2 Thu May  7 01:28:55 AM EDT 2026:::
:::Lighttpd Thu May  7 01:28:58 AM EDT 2026:::
:::h2o Thu May  7 01:29:01 AM EDT 2026:::
:::Apache2 Thu May  7 01:29:04 AM EDT 2026:::
:::Lighttpd Thu May  7 01:29:07 AM EDT 2026:::
:::h2o Thu May  7 01:29:10 AM EDT 2026:::
:::Apache2 Thu May  7 01:29:13 AM EDT 2026:::
:::Lighttpd Thu May  7 01:29:16 AM EDT 2026:::
:::h2o Thu May  7 01:29:19 AM EDT 2026:::
:::Apache2 Thu May  7 01:29:22 AM EDT 2026:::
:::Lighttpd Thu May  7 01:29:25 AM EDT 2026:::
:::h2o Thu May  7 01:29:28 AM EDT 2026:::
:::Apache2 Thu May  7 01:29:31 AM EDT 2026:::
:::Lighttpd Thu May  7 01:29:34 AM EDT 2026:::
:::h2o Thu May  7 01:29:37 AM EDT 2026:::
:::Apache2 Thu May  7 01:29:40 AM EDT 2026:::
:::Lighttpd Thu May  7 01:29:43 AM EDT 2026:::
:::h2o Thu May  7 01:29:46 AM EDT 2026:::
:::Apache2 Thu May  7 01:29:49 AM EDT 2026:::
:::Lighttpd Thu May  7 01:29:52 AM EDT 2026:::
:::h2o Thu May  7 01:29:55 AM EDT 2026:::
:::Apache2 Thu May  7 01:29:58 AM EDT 2026:::
:::Lighttpd Thu May  7 01:30:01 AM EDT 2026:::
:::h2o Thu May  7 01:30:05 AM EDT 2026:::
:::Apache2 Thu May  7 01:30:08 AM EDT 2026:::
:::Lighttpd Thu May  7 01:30:11 AM EDT 2026:::
:::h2o Thu May  7 01:30:14 AM EDT 2026:::
:::Apache2 Thu May  7 01:30:17 AM EDT 2026:::
:::Lighttpd Thu May  7 01:30:20 AM EDT 2026:::
:::h2o Thu May  7 01:30:23 AM EDT 2026:::
:::Apache2 Thu May  7 01:30:26 AM EDT 2026:::
:::Lighttpd Thu May  7 01:30:29 AM EDT 2026:::
:::h2o Thu May  7 01:30:32 AM EDT 2026:::
:::Apache2 Thu May  7 01:30:35 AM EDT 2026:::
:::Lighttpd Thu May  7 01:30:38 AM EDT 2026:::
:::h2o Thu May  7 01:30:41 AM EDT 2026:::
:::Apache2 Thu May  7 01:30:44 AM EDT 2026:::
:::Lighttpd Thu May  7 01:30:47 AM EDT 2026:::
:::h2o Thu May  7 01:30:50 AM EDT 2026:::
:::Apache2 Thu May  7 01:30:53 AM EDT 2026:::
:::Lighttpd Thu May  7 01:30:56 AM EDT 2026:::
:::h2o Thu May  7 01:30:59 AM EDT 2026:::
:::Apache2 Thu May  7 01:31:02 AM EDT 2026:::
:::Lighttpd Thu May  7 01:31:05 AM EDT 2026:::
:::h2o Thu May  7 01:31:08 AM EDT 2026:::
:::Apache2 Thu May  7 01:31:11 AM EDT 2026:::
:::Lighttpd Thu May  7 01:31:14 AM EDT 2026:::
:::h2o Thu May  7 01:31:18 AM EDT 2026:::
:::Apache2 Thu May  7 01:31:21 AM EDT 2026:::
:::Lighttpd Thu May  7 01:31:24 AM EDT 2026:::
:::h2o Thu May  7 01:31:27 AM EDT 2026:::
:::Apache2 Thu May  7 01:31:30 AM EDT 2026:::
:::Lighttpd Thu May  7 01:31:33 AM EDT 2026:::
:::h2o Thu May  7 01:31:36 AM EDT 2026:::
:::Apache2 Thu May  7 01:31:39 AM EDT 2026:::
:::Lighttpd Thu May  7 01:31:42 AM EDT 2026:::
:::h2o Thu May  7 01:31:45 AM EDT 2026:::
:::Apache2 Thu May  7 01:31:48 AM EDT 2026:::
:::Lighttpd Thu May  7 01:31:51 AM EDT 2026:::
:::h2o Thu May  7 01:31:54 AM EDT 2026:::
:::Apache2 Thu May  7 01:31:57 AM EDT 2026:::
:::Lighttpd Thu May  7 01:32:00 AM EDT 2026:::
:::h2o Thu May  7 01:32:03 AM EDT 2026:::
:::Apache2 Thu May  7 01:32:06 AM EDT 2026:::
:::Lighttpd Thu May  7 01:32:09 AM EDT 2026:::
:::h2o Thu May  7 01:32:12 AM EDT 2026:::
:::Apache2 Thu May  7 01:32:15 AM EDT 2026:::
:::Lighttpd Thu May  7 01:32:18 AM EDT 2026:::
:::h2o Thu May  7 01:32:21 AM EDT 2026:::
:::Apache2 Thu May  7 01:32:24 AM EDT 2026:::
:::Lighttpd Thu May  7 01:32:28 AM EDT 2026:::
:::h2o Thu May  7 01:32:31 AM EDT 2026:::
:::Apache2 Thu May  7 01:32:34 AM EDT 2026:::
:::Lighttpd Thu May  7 01:32:37 AM EDT 2026:::
:::h2o Thu May  7 01:32:40 AM EDT 2026:::
:::Apache2 Thu May  7 01:32:43 AM EDT 2026:::
:::Lighttpd Thu May  7 01:32:46 AM EDT 2026:::
:::h2o Thu May  7 01:32:49 AM EDT 2026:::
:::Apache2 Thu May  7 01:32:52 AM EDT 2026:::
:::Lighttpd Thu May  7 01:32:55 AM EDT 2026:::
:::h2o Thu May  7 01:32:58 AM EDT 2026:::
:::Apache2 Thu May  7 01:33:01 AM EDT 2026:::
:::Lighttpd Thu May  7 01:33:04 AM EDT 2026:::
:::h2o Thu May  7 01:33:07 AM EDT 2026:::
:::Apache2 Thu May  7 01:33:10 AM EDT 2026:::
:::Lighttpd Thu May  7 01:33:13 AM EDT 2026:::
:::h2o Thu May  7 01:33:16 AM EDT 2026:::
:::Apache2 Thu May  7 01:33:19 AM EDT 2026:::
:::Lighttpd Thu May  7 01:33:22 AM EDT 2026:::
:::h2o Thu May  7 01:33:25 AM EDT 2026:::
:::Apache2 Thu May  7 01:33:28 AM EDT 2026:::
:::Lighttpd Thu May  7 01:33:31 AM EDT 2026:::
:::h2o Thu May  7 01:33:34 AM EDT 2026:::
:::Apache2 Thu May  7 01:33:38 AM EDT 2026:::
:::Lighttpd Thu May  7 01:33:41 AM EDT 2026:::
:::h2o Thu May  7 01:33:44 AM EDT 2026:::
:::Apache2 Thu May  7 01:33:47 AM EDT 2026:::
:::Lighttpd Thu May  7 01:33:50 AM EDT 2026:::
:::h2o Thu May  7 01:33:53 AM EDT 2026:::
:::Apache2 Thu May  7 01:33:56 AM EDT 2026:::
:::Lighttpd Thu May  7 01:33:59 AM EDT 2026:::
:::h2o Thu May  7 01:34:02 AM EDT 2026:::
:::Apache2 Thu May  7 01:34:05 AM EDT 2026:::
:::Lighttpd Thu May  7 01:34:08 AM EDT 2026:::
:::h2o Thu May  7 01:34:11 AM EDT 2026:::
:::Apache2 Thu May  7 01:34:14 AM EDT 2026:::
:::Lighttpd Thu May  7 01:34:17 AM EDT 2026:::
:::h2o Thu May  7 01:34:20 AM EDT 2026:::
:::Apache2 Thu May  7 01:34:23 AM EDT 2026:::
:::Lighttpd Thu May  7 01:34:26 AM EDT 2026:::
:::h2o Thu May  7 01:34:29 AM EDT 2026:::
:::Apache2 Thu May  7 01:34:32 AM EDT 2026:::
:::Lighttpd Thu May  7 01:34:35 AM EDT 2026:::
:::h2o Thu May  7 01:34:38 AM EDT 2026:::
:::Apache2 Thu May  7 01:34:41 AM EDT 2026:::
:::Lighttpd Thu May  7 01:34:44 AM EDT 2026:::
:::h2o Thu May  7 01:34:47 AM EDT 2026:::
:::Apache2 Thu May  7 01:34:50 AM EDT 2026:::
:::Lighttpd Thu May  7 01:34:54 AM EDT 2026:::
:::h2o Thu May  7 01:34:57 AM EDT 2026:::
:::Apache2 Thu May  7 01:35:00 AM EDT 2026:::
:::Lighttpd Thu May  7 01:35:03 AM EDT 2026:::
:::h2o Thu May  7 01:35:06 AM EDT 2026:::
:::Apache2 Thu May  7 01:35:09 AM EDT 2026:::
:::Lighttpd Thu May  7 01:35:12 AM EDT 2026:::
:::h2o Thu May  7 01:35:15 AM EDT 2026:::
:::Apache2 Thu May  7 01:35:18 AM EDT 2026:::
:::Lighttpd Thu May  7 01:35:21 AM EDT 2026:::
:::h2o Thu May  7 01:35:24 AM EDT 2026:::
:::Apache2 Thu May  7 01:35:27 AM EDT 2026:::
:::Lighttpd Thu May  7 01:35:30 AM EDT 2026:::
:::h2o Thu May  7 01:35:33 AM EDT 2026:::
:::Apache2 Thu May  7 01:35:36 AM EDT 2026:::
:::Lighttpd Thu May  7 01:35:39 AM EDT 2026:::
:::h2o Thu May  7 01:35:42 AM EDT 2026:::
:::Apache2 Thu May  7 01:35:45 AM EDT 2026:::
:::Lighttpd Thu May  7 01:35:48 AM EDT 2026:::
:::h2o Thu May  7 01:35:51 AM EDT 2026:::
:::Apache2 Thu May  7 01:35:54 AM EDT 2026:::
:::Lighttpd Thu May  7 01:35:57 AM EDT 2026:::
:::h2o Thu May  7 01:36:00 AM EDT 2026:::
:::Apache2 Thu May  7 01:36:03 AM EDT 2026:::
:::Lighttpd Thu May  7 01:36:07 AM EDT 2026:::
:::h2o Thu May  7 01:36:10 AM EDT 2026:::
:::Apache2 Thu May  7 01:36:13 AM EDT 2026:::
:::Lighttpd Thu May  7 01:36:16 AM EDT 2026:::
:::h2o Thu May  7 01:36:19 AM EDT 2026:::
:::Apache2 Thu May  7 01:36:22 AM EDT 2026:::
:::Lighttpd Thu May  7 01:36:25 AM EDT 2026:::
:::h2o Thu May  7 01:36:28 AM EDT 2026:::
:::Apache2 Thu May  7 01:36:31 AM EDT 2026:::
:::Lighttpd Thu May  7 01:36:34 AM EDT 2026:::
:::h2o Thu May  7 01:36:37 AM EDT 2026:::
:::Apache2 Thu May  7 01:36:40 AM EDT 2026:::
:::Lighttpd Thu May  7 01:36:43 AM EDT 2026:::
:::h2o Thu May  7 01:36:46 AM EDT 2026:::
:::Apache2 Thu May  7 01:36:49 AM EDT 2026:::
:::Lighttpd Thu May  7 01:36:52 AM EDT 2026:::
:::h2o Thu May  7 01:36:55 AM EDT 2026:::
:::Apache2 Thu May  7 01:36:58 AM EDT 2026:::
:::Lighttpd Thu May  7 01:37:01 AM EDT 2026:::
:::h2o Thu May  7 01:37:04 AM EDT 2026:::
:::Apache2 Thu May  7 01:37:07 AM EDT 2026:::
:::Lighttpd Thu May  7 01:37:10 AM EDT 2026:::
:::h2o Thu May  7 01:37:13 AM EDT 2026:::
:::Apache2 Thu May  7 01:37:17 AM EDT 2026:::
:::Lighttpd Thu May  7 01:37:20 AM EDT 2026:::
:::h2o Thu May  7 01:37:23 AM EDT 2026:::
:::Apache2 Thu May  7 01:37:26 AM EDT 2026:::
:::Lighttpd Thu May  7 01:37:29 AM EDT 2026:::
:::h2o Thu May  7 01:37:32 AM EDT 2026:::
:::Apache2 Thu May  7 01:37:35 AM EDT 2026:::
:::Lighttpd Thu May  7 01:37:38 AM EDT 2026:::
:::h2o Thu May  7 01:37:41 AM EDT 2026:::
:::Apache2 Thu May  7 01:37:44 AM EDT 2026:::
:::Lighttpd Thu May  7 01:37:47 AM EDT 2026:::
:::h2o Thu May  7 01:37:50 AM EDT 2026:::
:::Apache2 Thu May  7 01:37:53 AM EDT 2026:::
:::Lighttpd Thu May  7 01:37:56 AM EDT 2026:::
:::h2o Thu May  7 01:37:59 AM EDT 2026:::
:::Apache2 Thu May  7 01:38:02 AM EDT 2026:::
:::Lighttpd Thu May  7 01:38:05 AM EDT 2026:::
:::h2o Thu May  7 01:38:08 AM EDT 2026:::
:::Apache2 Thu May  7 01:38:11 AM EDT 2026:::
:::Lighttpd Thu May  7 01:38:14 AM EDT 2026:::
:::h2o Thu May  7 01:38:17 AM EDT 2026:::
:::Apache2 Thu May  7 01:38:20 AM EDT 2026:::
:::Lighttpd Thu May  7 01:38:23 AM EDT 2026:::
:::h2o Thu May  7 01:38:26 AM EDT 2026:::
:::Apache2 Thu May  7 01:38:30 AM EDT 2026:::
:::Lighttpd Thu May  7 01:38:33 AM EDT 2026:::
:::h2o Thu May  7 01:38:36 AM EDT 2026:::
:::Apache2 Thu May  7 01:38:39 AM EDT 2026:::
:::Lighttpd Thu May  7 01:38:42 AM EDT 2026:::
:::h2o Thu May  7 01:38:45 AM EDT 2026:::
:::Apache2 Thu May  7 01:38:48 AM EDT 2026:::
:::Lighttpd Thu May  7 01:38:51 AM EDT 2026:::
:::h2o Thu May  7 01:38:54 AM EDT 2026:::
:::Apache2 Thu May  7 01:38:57 AM EDT 2026:::
:::Lighttpd Thu May  7 01:39:00 AM EDT 2026:::
:::h2o Thu May  7 01:39:03 AM EDT 2026:::
:::Apache2 Thu May  7 01:39:06 AM EDT 2026:::
:::Lighttpd Thu May  7 01:39:09 AM EDT 2026:::
:::h2o Thu May  7 01:39:12 AM EDT 2026:::
:::Apache2 Thu May  7 01:39:15 AM EDT 2026:::
:::Lighttpd Thu May  7 01:39:18 AM EDT 2026:::
:::h2o Thu May  7 01:39:21 AM EDT 2026:::
:::Apache2 Thu May  7 01:39:24 AM EDT 2026:::
:::Lighttpd Thu May  7 01:39:27 AM EDT 2026:::
:::h2o Thu May  7 01:39:30 AM EDT 2026:::
:::Apache2 Thu May  7 01:39:33 AM EDT 2026:::
:::Lighttpd Thu May  7 01:39:36 AM EDT 2026:::
:::h2o Thu May  7 01:39:40 AM EDT 2026:::
:::Apache2 Thu May  7 01:39:43 AM EDT 2026:::
:::Lighttpd Thu May  7 01:39:46 AM EDT 2026:::
:::h2o Thu May  7 01:39:49 AM EDT 2026:::
:::Apache2 Thu May  7 01:39:52 AM EDT 2026:::
:::Lighttpd Thu May  7 01:39:55 AM EDT 2026:::
:::h2o Thu May  7 01:39:58 AM EDT 2026:::
:::Apache2 Thu May  7 01:40:01 AM EDT 2026:::
:::Lighttpd Thu May  7 01:40:04 AM EDT 2026:::
:::h2o Thu May  7 01:40:07 AM EDT 2026:::
:::Apache2 Thu May  7 01:40:10 AM EDT 2026:::
:::Lighttpd Thu May  7 01:40:13 AM EDT 2026:::
:::h2o Thu May  7 01:40:16 AM EDT 2026:::
:::Apache2 Thu May  7 01:40:19 AM EDT 2026:::
:::Lighttpd Thu May  7 01:40:22 AM EDT 2026:::
:::h2o Thu May  7 01:40:25 AM EDT 2026:::
:::Apache2 Thu May  7 01:40:28 AM EDT 2026:::
:::Lighttpd Thu May  7 01:40:31 AM EDT 2026:::
:::h2o Thu May  7 01:40:34 AM EDT 2026:::
:::Apache2 Thu May  7 01:40:37 AM EDT 2026:::
:::Lighttpd Thu May  7 01:40:40 AM EDT 2026:::
:::h2o Thu May  7 01:40:43 AM EDT 2026:::
:::Apache2 Thu May  7 01:40:46 AM EDT 2026:::
:::Lighttpd Thu May  7 01:40:49 AM EDT 2026:::
:::h2o Thu May  7 01:40:53 AM EDT 2026:::
:::Apache2 Thu May  7 01:40:56 AM EDT 2026:::
:::Lighttpd Thu May  7 01:40:59 AM EDT 2026:::
:::h2o Thu May  7 01:41:02 AM EDT 2026:::
:::Apache2 Thu May  7 01:41:05 AM EDT 2026:::
:::Lighttpd Thu May  7 01:41:08 AM EDT 2026:::
:::h2o Thu May  7 01:41:11 AM EDT 2026:::
:::Apache2 Thu May  7 01:41:14 AM EDT 2026:::
:::Lighttpd Thu May  7 01:41:17 AM EDT 2026:::
:::h2o Thu May  7 01:41:20 AM EDT 2026:::
:::Apache2 Thu May  7 01:41:23 AM EDT 2026:::
:::Lighttpd Thu May  7 01:41:26 AM EDT 2026:::
:::h2o Thu May  7 01:41:29 AM EDT 2026:::
:::Apache2 Thu May  7 01:41:32 AM EDT 2026:::
:::Lighttpd Thu May  7 01:41:35 AM EDT 2026:::
:::h2o Thu May  7 01:41:38 AM EDT 2026:::
:::Apache2 Thu May  7 01:41:41 AM EDT 2026:::
:::Lighttpd Thu May  7 01:41:44 AM EDT 2026:::
:::h2o Thu May  7 01:41:47 AM EDT 2026:::
:::Apache2 Thu May  7 01:41:50 AM EDT 2026:::
:::Lighttpd Thu May  7 01:41:53 AM EDT 2026:::
:::h2o Thu May  7 01:41:56 AM EDT 2026:::
:::Apache2 Thu May  7 01:41:59 AM EDT 2026:::
:::Lighttpd Thu May  7 01:42:03 AM EDT 2026:::
:::h2o Thu May  7 01:42:06 AM EDT 2026:::
:::Apache2 Thu May  7 01:42:09 AM EDT 2026:::
:::Lighttpd Thu May  7 01:42:12 AM EDT 2026:::
:::h2o Thu May  7 01:42:15 AM EDT 2026:::
:::Apache2 Thu May  7 01:42:18 AM EDT 2026:::
:::Lighttpd Thu May  7 01:42:21 AM EDT 2026:::
:::h2o Thu May  7 01:42:24 AM EDT 2026:::
:::Apache2 Thu May  7 01:42:27 AM EDT 2026:::
:::Lighttpd Thu May  7 01:42:30 AM EDT 2026:::
:::h2o Thu May  7 01:42:33 AM EDT 2026:::
:::Apache2 Thu May  7 01:42:36 AM EDT 2026:::
:::Lighttpd Thu May  7 01:42:39 AM EDT 2026:::
:::h2o Thu May  7 01:42:42 AM EDT 2026:::
:::Apache2 Thu May  7 01:42:45 AM EDT 2026:::
:::Lighttpd Thu May  7 01:42:48 AM EDT 2026:::
:::h2o Thu May  7 01:42:51 AM EDT 2026:::
:::Apache2 Thu May  7 01:42:54 AM EDT 2026:::
:::Lighttpd Thu May  7 01:42:57 AM EDT 2026:::
:::h2o Thu May  7 01:43:00 AM EDT 2026:::
:::Apache2 Thu May  7 01:43:03 AM EDT 2026:::
:::Lighttpd Thu May  7 01:43:06 AM EDT 2026:::
:::h2o Thu May  7 01:43:09 AM EDT 2026:::
:::Apache2 Thu May  7 01:43:12 AM EDT 2026:::
:::Lighttpd Thu May  7 01:43:16 AM EDT 2026:::
:::h2o Thu May  7 01:43:19 AM EDT 2026:::
:::Apache2 Thu May  7 01:43:22 AM EDT 2026:::
:::Lighttpd Thu May  7 01:43:25 AM EDT 2026:::
:::h2o Thu May  7 01:43:28 AM EDT 2026:::
:::Apache2 Thu May  7 01:43:31 AM EDT 2026:::
:::Lighttpd Thu May  7 01:43:34 AM EDT 2026:::
:::h2o Thu May  7 01:43:37 AM EDT 2026:::
:::Apache2 Thu May  7 01:43:40 AM EDT 2026:::
:::Lighttpd Thu May  7 01:43:43 AM EDT 2026:::
:::h2o Thu May  7 01:43:46 AM EDT 2026:::
:::Apache2 Thu May  7 01:43:49 AM EDT 2026:::
:::Lighttpd Thu May  7 01:43:52 AM EDT 2026:::
:::h2o Thu May  7 01:43:55 AM EDT 2026:::
:::Apache2 Thu May  7 01:43:58 AM EDT 2026:::
:::Lighttpd Thu May  7 01:44:01 AM EDT 2026:::
:::h2o Thu May  7 01:44:04 AM EDT 2026:::
:::Apache2 Thu May  7 01:44:07 AM EDT 2026:::
:::Lighttpd Thu May  7 01:44:10 AM EDT 2026:::
:::h2o Thu May  7 01:44:13 AM EDT 2026:::
:::Apache2 Thu May  7 01:44:16 AM EDT 2026:::
:::Lighttpd Thu May  7 01:44:19 AM EDT 2026:::
:::h2o Thu May  7 01:44:22 AM EDT 2026:::
:::Apache2 Thu May  7 01:44:26 AM EDT 2026:::
:::Lighttpd Thu May  7 01:44:29 AM EDT 2026:::
:::h2o Thu May  7 01:44:32 AM EDT 2026:::
:::Apache2 Thu May  7 01:44:35 AM EDT 2026:::
:::Lighttpd Thu May  7 01:44:38 AM EDT 2026:::
:::h2o Thu May  7 01:44:41 AM EDT 2026:::
:::Apache2 Thu May  7 01:44:44 AM EDT 2026:::
:::Lighttpd Thu May  7 01:44:47 AM EDT 2026:::
:::h2o Thu May  7 01:44:50 AM EDT 2026:::
:::Apache2 Thu May  7 01:44:53 AM EDT 2026:::
:::Lighttpd Thu May  7 01:44:56 AM EDT 2026:::
:::h2o Thu May  7 01:44:59 AM EDT 2026:::
:::Apache2 Thu May  7 01:45:02 AM EDT 2026:::
:::Lighttpd Thu May  7 01:45:05 AM EDT 2026:::
:::h2o Thu May  7 01:45:08 AM EDT 2026:::
:::Apache2 Thu May  7 01:45:11 AM EDT 2026:::
:::Lighttpd Thu May  7 01:45:14 AM EDT 2026:::
:::h2o Thu May  7 01:45:17 AM EDT 2026:::
:::Apache2 Thu May  7 01:45:20 AM EDT 2026:::
:::Lighttpd Thu May  7 01:45:23 AM EDT 2026:::
:::h2o Thu May  7 01:45:26 AM EDT 2026:::
:::Apache2 Thu May  7 01:45:29 AM EDT 2026:::
:::Lighttpd Thu May  7 01:45:32 AM EDT 2026:::
:::h2o Thu May  7 01:45:35 AM EDT 2026:::
:::Apache2 Thu May  7 01:45:39 AM EDT 2026:::
:::Lighttpd Thu May  7 01:45:42 AM EDT 2026:::
:::h2o Thu May  7 01:45:45 AM EDT 2026:::
:::Apache2 Thu May  7 01:45:48 AM EDT 2026:::
:::Lighttpd Thu May  7 01:45:51 AM EDT 2026:::
:::h2o Thu May  7 01:45:54 AM EDT 2026:::
:::Apache2 Thu May  7 01:45:57 AM EDT 2026:::
:::Lighttpd Thu May  7 01:46:00 AM EDT 2026:::
:::h2o Thu May  7 01:46:03 AM EDT 2026:::
:::Apache2 Thu May  7 01:46:06 AM EDT 2026:::
:::Lighttpd Thu May  7 01:46:09 AM EDT 2026:::
:::h2o Thu May  7 01:46:12 AM EDT 2026:::
:::Apache2 Thu May  7 01:46:15 AM EDT 2026:::
:::Lighttpd Thu May  7 01:46:18 AM EDT 2026:::
:::h2o Thu May  7 01:46:21 AM EDT 2026:::
:::Apache2 Thu May  7 01:46:24 AM EDT 2026:::
:::Lighttpd Thu May  7 01:46:27 AM EDT 2026:::
:::h2o Thu May  7 01:46:30 AM EDT 2026:::
:::Apache2 Thu May  7 01:46:33 AM EDT 2026:::
:::Lighttpd Thu May  7 01:46:36 AM EDT 2026:::
:::h2o Thu May  7 01:46:39 AM EDT 2026:::
:::Apache2 Thu May  7 01:46:42 AM EDT 2026:::
:::Lighttpd Thu May  7 01:46:46 AM EDT 2026:::
:::h2o Thu May  7 01:46:49 AM EDT 2026:::
:::Apache2 Thu May  7 01:46:52 AM EDT 2026:::
:::Lighttpd Thu May  7 01:46:55 AM EDT 2026:::
:::h2o Thu May  7 01:46:58 AM EDT 2026:::
:::Apache2 Thu May  7 01:47:01 AM EDT 2026:::
:::Lighttpd Thu May  7 01:47:04 AM EDT 2026:::
:::h2o Thu May  7 01:47:07 AM EDT 2026:::
:::Apache2 Thu May  7 01:47:10 AM EDT 2026:::
:::Lighttpd Thu May  7 01:47:13 AM EDT 2026:::
:::h2o Thu May  7 01:47:16 AM EDT 2026:::
:::Apache2 Thu May  7 01:47:19 AM EDT 2026:::
:::Lighttpd Thu May  7 01:47:22 AM EDT 2026:::
:::h2o Thu May  7 01:47:25 AM EDT 2026:::
:::Apache2 Thu May  7 01:47:28 AM EDT 2026:::
:::Lighttpd Thu May  7 01:47:31 AM EDT 2026:::
:::h2o Thu May  7 01:47:34 AM EDT 2026:::
:::Apache2 Thu May  7 01:47:37 AM EDT 2026:::
:::Lighttpd Thu May  7 01:47:40 AM EDT 2026:::
:::h2o Thu May  7 01:47:43 AM EDT 2026:::
:::Apache2 Thu May  7 01:47:46 AM EDT 2026:::
:::Lighttpd Thu May  7 01:47:49 AM EDT 2026:::
:::h2o Thu May  7 01:47:52 AM EDT 2026:::
:::Apache2 Thu May  7 01:47:55 AM EDT 2026:::
:::Lighttpd Thu May  7 01:47:58 AM EDT 2026:::
:::h2o Thu May  7 01:48:02 AM EDT 2026:::
:::Apache2 Thu May  7 01:48:05 AM EDT 2026:::
:::Lighttpd Thu May  7 01:48:08 AM EDT 2026:::
:::h2o Thu May  7 01:48:11 AM EDT 2026:::
:::Apache2 Thu May  7 01:48:14 AM EDT 2026:::
:::Lighttpd Thu May  7 01:48:17 AM EDT 2026:::
:::h2o Thu May  7 01:48:20 AM EDT 2026:::
:::Apache2 Thu May  7 01:48:23 AM EDT 2026:::
:::Lighttpd Thu May  7 01:48:26 AM EDT 2026:::
:::h2o Thu May  7 01:48:29 AM EDT 2026:::
:::Apache2 Thu May  7 01:48:32 AM EDT 2026:::
:::Lighttpd Thu May  7 01:48:35 AM EDT 2026:::
:::h2o Thu May  7 01:48:38 AM EDT 2026:::
:::Apache2 Thu May  7 01:48:41 AM EDT 2026:::
:::Lighttpd Thu May  7 01:48:44 AM EDT 2026:::
:::h2o Thu May  7 01:48:47 AM EDT 2026:::
:::Apache2 Thu May  7 01:48:50 AM EDT 2026:::
:::Lighttpd Thu May  7 01:48:53 AM EDT 2026:::
:::h2o Thu May  7 01:48:56 AM EDT 2026:::
:::Apache2 Thu May  7 01:48:59 AM EDT 2026:::
:::Lighttpd Thu May  7 01:49:02 AM EDT 2026:::
:::h2o Thu May  7 01:49:05 AM EDT 2026:::
:::Apache2 Thu May  7 01:49:08 AM EDT 2026:::
:::Lighttpd Thu May  7 01:49:11 AM EDT 2026:::
:::h2o Thu May  7 01:49:15 AM EDT 2026:::
:::Apache2 Thu May  7 01:49:18 AM EDT 2026:::
:::Lighttpd Thu May  7 01:49:21 AM EDT 2026:::
:::h2o Thu May  7 01:49:24 AM EDT 2026:::
:::Apache2 Thu May  7 01:49:27 AM EDT 2026:::
:::Lighttpd Thu May  7 01:49:30 AM EDT 2026:::
:::h2o Thu May  7 01:49:33 AM EDT 2026:::
:::Apache2 Thu May  7 01:49:36 AM EDT 2026:::
:::Lighttpd Thu May  7 01:49:39 AM EDT 2026:::
:::h2o Thu May  7 01:49:42 AM EDT 2026:::
:::Apache2 Thu May  7 01:49:45 AM EDT 2026:::
:::Lighttpd Thu May  7 01:49:48 AM EDT 2026:::
:::h2o Thu May  7 01:49:51 AM EDT 2026:::
:::Apache2 Thu May  7 01:49:54 AM EDT 2026:::
:::Lighttpd Thu May  7 01:49:57 AM EDT 2026:::
:::h2o Thu May  7 01:50:00 AM EDT 2026:::
:::Apache2 Thu May  7 01:50:03 AM EDT 2026:::
:::Lighttpd Thu May  7 01:50:06 AM EDT 2026:::
:::h2o Thu May  7 01:50:09 AM EDT 2026:::
:::Apache2 Thu May  7 01:50:12 AM EDT 2026:::
:::Lighttpd Thu May  7 01:50:15 AM EDT 2026:::
:::h2o Thu May  7 01:50:18 AM EDT 2026:::
:::Apache2 Thu May  7 01:50:21 AM EDT 2026:::
:::Lighttpd Thu May  7 01:50:24 AM EDT 2026:::
:::h2o Thu May  7 01:50:28 AM EDT 2026:::
:::Apache2 Thu May  7 01:50:31 AM EDT 2026:::
:::Lighttpd Thu May  7 01:50:34 AM EDT 2026:::
:::h2o Thu May  7 01:50:37 AM EDT 2026:::
:::Apache2 Thu May  7 01:50:40 AM EDT 2026:::
:::Lighttpd Thu May  7 01:50:43 AM EDT 2026:::
:::h2o Thu May  7 01:50:46 AM EDT 2026:::
:::Apache2 Thu May  7 01:50:49 AM EDT 2026:::
:::Lighttpd Thu May  7 01:50:52 AM EDT 2026:::
:::h2o Thu May  7 01:50:55 AM EDT 2026:::
:::Apache2 Thu May  7 01:50:58 AM EDT 2026:::
:::Lighttpd Thu May  7 01:51:01 AM EDT 2026:::
:::h2o Thu May  7 01:51:04 AM EDT 2026:::
:::Apache2 Thu May  7 01:51:07 AM EDT 2026:::
:::Lighttpd Thu May  7 01:51:10 AM EDT 2026:::
:::h2o Thu May  7 01:51:13 AM EDT 2026:::
:::Apache2 Thu May  7 01:51:16 AM EDT 2026:::
:::Lighttpd Thu May  7 01:51:19 AM EDT 2026:::
:::h2o Thu May  7 01:51:22 AM EDT 2026:::
:::Apache2 Thu May  7 01:51:25 AM EDT 2026:::
:::Lighttpd Thu May  7 01:51:28 AM EDT 2026:::
:::h2o Thu May  7 01:51:31 AM EDT 2026:::
:::Apache2 Thu May  7 01:51:34 AM EDT 2026:::
:::Lighttpd Thu May  7 01:51:38 AM EDT 2026:::
:::h2o Thu May  7 01:51:41 AM EDT 2026:::
:::Apache2 Thu May  7 01:51:44 AM EDT 2026:::
:::Lighttpd Thu May  7 01:51:47 AM EDT 2026:::
:::h2o Thu May  7 01:51:50 AM EDT 2026:::
:::Apache2 Thu May  7 01:51:53 AM EDT 2026:::
:::Lighttpd Thu May  7 01:51:56 AM EDT 2026:::
:::h2o Thu May  7 01:51:59 AM EDT 2026:::
:::Apache2 Thu May  7 01:52:02 AM EDT 2026:::
:::Lighttpd Thu May  7 01:52:05 AM EDT 2026:::
:::h2o Thu May  7 01:52:08 AM EDT 2026:::
:::Apache2 Thu May  7 01:52:11 AM EDT 2026:::
:::Lighttpd Thu May  7 01:52:14 AM EDT 2026:::
:::h2o Thu May  7 01:52:17 AM EDT 2026:::
:::Apache2 Thu May  7 01:52:20 AM EDT 2026:::
:::Lighttpd Thu May  7 01:52:23 AM EDT 2026:::
:::h2o Thu May  7 01:52:26 AM EDT 2026:::
:::Apache2 Thu May  7 01:52:29 AM EDT 2026:::
:::Lighttpd Thu May  7 01:52:32 AM EDT 2026:::
:::h2o Thu May  7 01:52:35 AM EDT 2026:::
:::Apache2 Thu May  7 01:52:38 AM EDT 2026:::
:::Lighttpd Thu May  7 01:52:41 AM EDT 2026:::
:::h2o Thu May  7 01:52:44 AM EDT 2026:::
:::Apache2 Thu May  7 01:52:48 AM EDT 2026:::
:::Lighttpd Thu May  7 01:52:51 AM EDT 2026:::
:::h2o Thu May  7 01:52:54 AM EDT 2026:::
:::Apache2 Thu May  7 01:52:57 AM EDT 2026:::
:::Lighttpd Thu May  7 01:53:00 AM EDT 2026:::
:::h2o Thu May  7 01:53:03 AM EDT 2026:::
:::Apache2 Thu May  7 01:53:06 AM EDT 2026:::
:::Lighttpd Thu May  7 01:53:09 AM EDT 2026:::
:::h2o Thu May  7 01:53:12 AM EDT 2026:::
:::Apache2 Thu May  7 01:53:15 AM EDT 2026:::
:::Lighttpd Thu May  7 01:53:18 AM EDT 2026:::
:::h2o Thu May  7 01:53:21 AM EDT 2026:::
:::Apache2 Thu May  7 01:53:24 AM EDT 2026:::
:::Lighttpd Thu May  7 01:53:27 AM EDT 2026:::
:::h2o Thu May  7 01:53:30 AM EDT 2026:::
:::Apache2 Thu May  7 01:53:33 AM EDT 2026:::
:::Lighttpd Thu May  7 01:53:36 AM EDT 2026:::
:::h2o Thu May  7 01:53:39 AM EDT 2026:::
:::Apache2 Thu May  7 01:53:42 AM EDT 2026:::
:::Lighttpd Thu May  7 01:53:45 AM EDT 2026:::
:::h2o Thu May  7 01:53:48 AM EDT 2026:::
:::Apache2 Thu May  7 01:53:51 AM EDT 2026:::
:::Lighttpd Thu May  7 01:53:54 AM EDT 2026:::
:::h2o Thu May  7 01:53:57 AM EDT 2026:::
:::Apache2 Thu May  7 01:54:01 AM EDT 2026:::
:::Lighttpd Thu May  7 01:54:04 AM EDT 2026:::
:::h2o Thu May  7 01:54:07 AM EDT 2026:::
:::Apache2 Thu May  7 01:54:10 AM EDT 2026:::
:::Lighttpd Thu May  7 01:54:13 AM EDT 2026:::
:::h2o Thu May  7 01:54:16 AM EDT 2026:::
:::Apache2 Thu May  7 01:54:19 AM EDT 2026:::
:::Lighttpd Thu May  7 01:54:22 AM EDT 2026:::
:::h2o Thu May  7 01:54:25 AM EDT 2026:::
:::Apache2 Thu May  7 01:54:28 AM EDT 2026:::
:::Lighttpd Thu May  7 01:54:31 AM EDT 2026:::
:::h2o Thu May  7 01:54:34 AM EDT 2026:::
:::Apache2 Thu May  7 01:54:37 AM EDT 2026:::
:::Lighttpd Thu May  7 01:54:40 AM EDT 2026:::
:::h2o Thu May  7 01:54:43 AM EDT 2026:::
:::Apache2 Thu May  7 01:54:46 AM EDT 2026:::
:::Lighttpd Thu May  7 01:54:49 AM EDT 2026:::
:::h2o Thu May  7 01:54:52 AM EDT 2026:::
:::Apache2 Thu May  7 01:54:55 AM EDT 2026:::
:::Lighttpd Thu May  7 01:54:58 AM EDT 2026:::
:::h2o Thu May  7 01:55:01 AM EDT 2026:::
:::Apache2 Thu May  7 01:55:04 AM EDT 2026:::
:::Lighttpd Thu May  7 01:55:07 AM EDT 2026:::
:::h2o Thu May  7 01:55:10 AM EDT 2026:::
:::Apache2 Thu May  7 01:55:14 AM EDT 2026:::
:::Lighttpd Thu May  7 01:55:17 AM EDT 2026:::
:::h2o Thu May  7 01:55:20 AM EDT 2026:::
:::Apache2 Thu May  7 01:55:23 AM EDT 2026:::
:::Lighttpd Thu May  7 01:55:26 AM EDT 2026:::
:::h2o Thu May  7 01:55:29 AM EDT 2026:::
:::Apache2 Thu May  7 01:55:32 AM EDT 2026:::
:::Lighttpd Thu May  7 01:55:35 AM EDT 2026:::
:::h2o Thu May  7 01:55:38 AM EDT 2026:::
:::Apache2 Thu May  7 01:55:41 AM EDT 2026:::
:::Lighttpd Thu May  7 01:55:44 AM EDT 2026:::
:::h2o Thu May  7 01:55:47 AM EDT 2026:::
:::Apache2 Thu May  7 01:55:50 AM EDT 2026:::
:::Lighttpd Thu May  7 01:55:53 AM EDT 2026:::
:::h2o Thu May  7 01:55:56 AM EDT 2026:::
:::Apache2 Thu May  7 01:55:59 AM EDT 2026:::
:::Lighttpd Thu May  7 01:56:02 AM EDT 2026:::
:::h2o Thu May  7 01:56:05 AM EDT 2026:::
:::Apache2 Thu May  7 01:56:08 AM EDT 2026:::
:::Lighttpd Thu May  7 01:56:11 AM EDT 2026:::
:::h2o Thu May  7 01:56:14 AM EDT 2026:::
:::Apache2 Thu May  7 01:56:17 AM EDT 2026:::
:::Lighttpd Thu May  7 01:56:20 AM EDT 2026:::
:::h2o Thu May  7 01:56:23 AM EDT 2026:::
:::Apache2 Thu May  7 01:56:27 AM EDT 2026:::
:::Lighttpd Thu May  7 01:56:30 AM EDT 2026:::
:::h2o Thu May  7 01:56:33 AM EDT 2026:::
:::Apache2 Thu May  7 01:56:36 AM EDT 2026:::
:::Lighttpd Thu May  7 01:56:39 AM EDT 2026:::
:::h2o Thu May  7 01:56:42 AM EDT 2026:::
:::Apache2 Thu May  7 01:56:45 AM EDT 2026:::
:::Lighttpd Thu May  7 01:56:48 AM EDT 2026:::
:::h2o Thu May  7 01:56:51 AM EDT 2026:::
:::Apache2 Thu May  7 01:56:54 AM EDT 2026:::
:::Lighttpd Thu May  7 01:56:57 AM EDT 2026:::
:::h2o Thu May  7 01:57:00 AM EDT 2026:::
:::Apache2 Thu May  7 01:57:03 AM EDT 2026:::
:::Lighttpd Thu May  7 01:57:06 AM EDT 2026:::
:::h2o Thu May  7 01:57:09 AM EDT 2026:::
:::Apache2 Thu May  7 01:57:12 AM EDT 2026:::
:::Lighttpd Thu May  7 01:57:15 AM EDT 2026:::
:::h2o Thu May  7 01:57:18 AM EDT 2026:::
:::Apache2 Thu May  7 01:57:21 AM EDT 2026:::
:::Lighttpd Thu May  7 01:57:24 AM EDT 2026:::
:::h2o Thu May  7 01:57:27 AM EDT 2026:::
:::Apache2 Thu May  7 01:57:30 AM EDT 2026:::
:::Lighttpd Thu May  7 01:57:33 AM EDT 2026:::
:::h2o Thu May  7 01:57:36 AM EDT 2026:::
:::Apache2 Thu May  7 01:57:39 AM EDT 2026:::
:::Lighttpd Thu May  7 01:57:43 AM EDT 2026:::
:::h2o Thu May  7 01:57:46 AM EDT 2026:::
:::Apache2 Thu May  7 01:57:49 AM EDT 2026:::
:::Lighttpd Thu May  7 01:57:52 AM EDT 2026:::
:::h2o Thu May  7 01:57:55 AM EDT 2026:::
:::Apache2 Thu May  7 01:57:58 AM EDT 2026:::
:::Lighttpd Thu May  7 01:58:01 AM EDT 2026:::
:::h2o Thu May  7 01:58:04 AM EDT 2026:::
:::Apache2 Thu May  7 01:58:07 AM EDT 2026:::
:::Lighttpd Thu May  7 01:58:10 AM EDT 2026:::
:::h2o Thu May  7 01:58:13 AM EDT 2026:::
:::Apache2 Thu May  7 01:58:16 AM EDT 2026:::
:::Lighttpd Thu May  7 01:58:19 AM EDT 2026:::
:::h2o Thu May  7 01:58:22 AM EDT 2026:::
:::Apache2 Thu May  7 01:58:25 AM EDT 2026:::
:::Lighttpd Thu May  7 01:58:28 AM EDT 2026:::
:::h2o Thu May  7 01:58:31 AM EDT 2026:::
:::Apache2 Thu May  7 01:58:34 AM EDT 2026:::
:::Lighttpd Thu May  7 01:58:37 AM EDT 2026:::
:::h2o Thu May  7 01:58:40 AM EDT 2026:::
:::Apache2 Thu May  7 01:58:43 AM EDT 2026:::
:::Lighttpd Thu May  7 01:58:46 AM EDT 2026:::
:::h2o Thu May  7 01:58:49 AM EDT 2026:::
:::Apache2 Thu May  7 01:58:53 AM EDT 2026:::
:::Lighttpd Thu May  7 01:58:56 AM EDT 2026:::
:::h2o Thu May  7 01:58:59 AM EDT 2026:::
:::Apache2 Thu May  7 01:59:02 AM EDT 2026:::
:::Lighttpd Thu May  7 01:59:05 AM EDT 2026:::
:::h2o Thu May  7 01:59:08 AM EDT 2026:::
:::Apache2 Thu May  7 01:59:11 AM EDT 2026:::
:::Lighttpd Thu May  7 01:59:14 AM EDT 2026:::
:::h2o Thu May  7 01:59:17 AM EDT 2026:::
:::Apache2 Thu May  7 01:59:20 AM EDT 2026:::
:::Lighttpd Thu May  7 01:59:23 AM EDT 2026:::
:::h2o Thu May  7 01:59:26 AM EDT 2026:::
:::Apache2 Thu May  7 01:59:29 AM EDT 2026:::
:::Lighttpd Thu May  7 01:59:32 AM EDT 2026:::
:::h2o Thu May  7 01:59:35 AM EDT 2026:::
:::Apache2 Thu May  7 01:59:38 AM EDT 2026:::
:::Lighttpd Thu May  7 01:59:41 AM EDT 2026:::
:::h2o Thu May  7 01:59:44 AM EDT 2026:::
:::Apache2 Thu May  7 01:59:47 AM EDT 2026:::
:::Lighttpd Thu May  7 01:59:50 AM EDT 2026:::
:::h2o Thu May  7 01:59:53 AM EDT 2026:::
:::Apache2 Thu May  7 01:59:56 AM EDT 2026:::
:::Lighttpd Thu May  7 01:59:59 AM EDT 2026:::
